v-sweep,v-sweep_1,Vin,Iout,Vout,Vref
0,0,0,-9.11379E-07,0.9,0.9
0.001,0.001,0.001,-9.11379E-07,0.9,0.9
0.002,0.002,0.002,-9.11379E-07,0.9,0.9
0.003,0.003,0.003,-9.11379E-07,0.9,0.9
0.004,0.004,0.004,-9.11379E-07,0.9,0.9
0.005,0.005,0.005,-9.11379E-07,0.9,0.9
0.006,0.006,0.006,-9.11379E-07,0.9,0.9
0.007,0.007,0.007,-9.11379E-07,0.9,0.9
0.008,0.008,0.008,-9.11379E-07,0.9,0.9
0.009,0.009,0.009,-9.11379E-07,0.9,0.9
0.01,0.01,0.01,-9.11379E-07,0.9,0.9
0.011,0.011,0.011,-9.11379E-07,0.9,0.9
0.012,0.012,0.012,-9.11379E-07,0.9,0.9
0.013,0.013,0.013,-9.11379E-07,0.9,0.9
0.014,0.014,0.014,-9.11379E-07,0.9,0.9
0.015,0.015,0.015,-9.11379E-07,0.9,0.9
0.016,0.016,0.016,-9.11379E-07,0.9,0.9
0.017,0.017,0.017,-9.11379E-07,0.9,0.9
0.018,0.018,0.018,-9.11379E-07,0.9,0.9
0.019,0.019,0.019,-9.11379E-07,0.9,0.9
0.02,0.02,0.02,-9.11379E-07,0.9,0.9
0.021,0.021,0.021,-9.11379E-07,0.9,0.9
0.022,0.022,0.022,-9.11379E-07,0.9,0.9
0.023,0.023,0.023,-9.11379E-07,0.9,0.9
0.024,0.024,0.024,-9.11379E-07,0.9,0.9
0.025,0.025,0.025,-9.11379E-07,0.9,0.9
0.026,0.026,0.026,-9.11379E-07,0.9,0.9
0.027,0.027,0.027,-9.11379E-07,0.9,0.9
0.028,0.028,0.028,-9.11379E-07,0.9,0.9
0.029,0.029,0.029,-9.11379E-07,0.9,0.9
0.03,0.03,0.03,-9.11379E-07,0.9,0.9
0.031,0.031,0.031,-9.11379E-07,0.9,0.9
0.032,0.032,0.032,-9.11379E-07,0.9,0.9
0.033,0.033,0.033,-9.11379E-07,0.9,0.9
0.034,0.034,0.034,-9.11379E-07,0.9,0.9
0.035,0.035,0.035,-9.11379E-07,0.9,0.9
0.036,0.036,0.036,-9.11379E-07,0.9,0.9
0.037,0.037,0.037,-9.11379E-07,0.9,0.9
0.038,0.038,0.038,-9.11379E-07,0.9,0.9
0.039,0.039,0.039,-9.11379E-07,0.9,0.9
0.04,0.04,0.04,-9.11379E-07,0.9,0.9
0.041,0.041,0.041,-9.11379E-07,0.9,0.9
0.042,0.042,0.042,-9.11379E-07,0.9,0.9
0.043,0.043,0.043,-9.11379E-07,0.9,0.9
0.044,0.044,0.044,-9.11379E-07,0.9,0.9
0.045,0.045,0.045,-9.11379E-07,0.9,0.9
0.046,0.046,0.046,-9.11379E-07,0.9,0.9
0.047,0.047,0.047,-9.11379E-07,0.9,0.9
0.048,0.048,0.048,-9.11379E-07,0.9,0.9
0.049,0.049,0.049,-9.11379E-07,0.9,0.9
0.05,0.05,0.05,-9.11379E-07,0.9,0.9
0.051,0.051,0.051,-9.11379E-07,0.9,0.9
0.052,0.052,0.052,-9.11379E-07,0.9,0.9
0.053,0.053,0.053,-9.11379E-07,0.9,0.9
0.054,0.054,0.054,-9.11379E-07,0.9,0.9
0.055,0.055,0.055,-9.11379E-07,0.9,0.9
0.056,0.056,0.056,-9.11379E-07,0.9,0.9
0.057,0.057,0.057,-9.11379E-07,0.9,0.9
0.058,0.058,0.058,-9.11379E-07,0.9,0.9
0.059,0.059,0.059,-9.11379E-07,0.9,0.9
0.06,0.06,0.06,-9.11379E-07,0.9,0.9
0.061,0.061,0.061,-9.11379E-07,0.9,0.9
0.062,0.062,0.062,-9.11379E-07,0.9,0.9
0.063,0.063,0.063,-9.11379E-07,0.9,0.9
0.064,0.064,0.064,-9.11379E-07,0.9,0.9
0.065,0.065,0.065,-9.11379E-07,0.9,0.9
0.066,0.066,0.066,-9.11379E-07,0.9,0.9
0.067,0.067,0.067,-9.11379E-07,0.9,0.9
0.068,0.068,0.068,-9.11379E-07,0.9,0.9
0.069,0.069,0.069,-9.11379E-07,0.9,0.9
0.07,0.07,0.07,-9.11379E-07,0.9,0.9
0.071,0.071,0.071,-9.11379E-07,0.9,0.9
0.072,0.072,0.072,-9.11379E-07,0.9,0.9
0.073,0.073,0.073,-9.11379E-07,0.9,0.9
0.074,0.074,0.074,-9.11379E-07,0.9,0.9
0.075,0.075,0.075,-9.11379E-07,0.9,0.9
0.076,0.076,0.076,-9.11379E-07,0.9,0.9
0.077,0.077,0.077,-9.11379E-07,0.9,0.9
0.078,0.078,0.078,-9.11379E-07,0.9,0.9
0.079,0.079,0.079,-9.11379E-07,0.9,0.9
0.08,0.08,0.08,-9.11379E-07,0.9,0.9
0.081,0.081,0.081,-9.11379E-07,0.9,0.9
0.082,0.082,0.082,-9.11379E-07,0.9,0.9
0.083,0.083,0.083,-9.11379E-07,0.9,0.9
0.084,0.084,0.084,-9.11379E-07,0.9,0.9
0.085,0.085,0.085,-9.11379E-07,0.9,0.9
0.086,0.086,0.086,-9.11379E-07,0.9,0.9
0.087,0.087,0.087,-9.11379E-07,0.9,0.9
0.088,0.088,0.088,-9.11379E-07,0.9,0.9
0.089,0.089,0.089,-9.11379E-07,0.9,0.9
0.09,0.09,0.09,-9.11379E-07,0.9,0.9
0.091,0.091,0.091,-9.11379E-07,0.9,0.9
0.092,0.092,0.092,-9.11379E-07,0.9,0.9
0.093,0.093,0.093,-9.11379E-07,0.9,0.9
0.094,0.094,0.094,-9.11379E-07,0.9,0.9
0.095,0.095,0.095,-9.11379E-07,0.9,0.9
0.096,0.096,0.096,-9.11379E-07,0.9,0.9
0.097,0.097,0.097,-9.11379E-07,0.9,0.9
0.098,0.098,0.098,-9.11379E-07,0.9,0.9
0.099,0.099,0.099,-9.11379E-07,0.9,0.9
0.1,0.1,0.1,-9.11379E-07,0.9,0.9
0.101,0.101,0.101,-9.11379E-07,0.9,0.9
0.102,0.102,0.102,-9.11379E-07,0.9,0.9
0.103,0.103,0.103,-9.11379E-07,0.9,0.9
0.104,0.104,0.104,-9.11379E-07,0.9,0.9
0.105,0.105,0.105,-9.11379E-07,0.9,0.9
0.106,0.106,0.106,-9.11379E-07,0.9,0.9
0.107,0.107,0.107,-9.11379E-07,0.9,0.9
0.108,0.108,0.108,-9.11379E-07,0.9,0.9
0.109,0.109,0.109,-9.11379E-07,0.9,0.9
0.11,0.11,0.11,-9.11379E-07,0.9,0.9
0.111,0.111,0.111,-9.11379E-07,0.9,0.9
0.112,0.112,0.112,-9.11379E-07,0.9,0.9
0.113,0.113,0.113,-9.11379E-07,0.9,0.9
0.114,0.114,0.114,-9.11379E-07,0.9,0.9
0.115,0.115,0.115,-9.11379E-07,0.9,0.9
0.116,0.116,0.116,-9.11379E-07,0.9,0.9
0.117,0.117,0.117,-9.11379E-07,0.9,0.9
0.118,0.118,0.118,-9.11379E-07,0.9,0.9
0.119,0.119,0.119,-9.11379E-07,0.9,0.9
0.12,0.12,0.12,-9.11379E-07,0.9,0.9
0.121,0.121,0.121,-9.11379E-07,0.9,0.9
0.122,0.122,0.122,-9.11379E-07,0.9,0.9
0.123,0.123,0.123,-9.11379E-07,0.9,0.9
0.124,0.124,0.124,-9.11379E-07,0.9,0.9
0.125,0.125,0.125,-9.11379E-07,0.9,0.9
0.126,0.126,0.126,-9.11379E-07,0.9,0.9
0.127,0.127,0.127,-9.11379E-07,0.9,0.9
0.128,0.128,0.128,-9.11379E-07,0.9,0.9
0.129,0.129,0.129,-9.11379E-07,0.9,0.9
0.13,0.13,0.13,-9.11379E-07,0.9,0.9
0.131,0.131,0.131,-9.11379E-07,0.9,0.9
0.132,0.132,0.132,-9.11379E-07,0.9,0.9
0.133,0.133,0.133,-9.11379E-07,0.9,0.9
0.134,0.134,0.134,-9.11379E-07,0.9,0.9
0.135,0.135,0.135,-9.11379E-07,0.9,0.9
0.136,0.136,0.136,-9.11379E-07,0.9,0.9
0.137,0.137,0.137,-9.11379E-07,0.9,0.9
0.138,0.138,0.138,-9.11379E-07,0.9,0.9
0.139,0.139,0.139,-9.11379E-07,0.9,0.9
0.14,0.14,0.14,-9.11379E-07,0.9,0.9
0.141,0.141,0.141,-9.11379E-07,0.9,0.9
0.142,0.142,0.142,-9.11379E-07,0.9,0.9
0.143,0.143,0.143,-9.11379E-07,0.9,0.9
0.144,0.144,0.144,-9.11379E-07,0.9,0.9
0.145,0.145,0.145,-9.11379E-07,0.9,0.9
0.146,0.146,0.146,-9.11379E-07,0.9,0.9
0.147,0.147,0.147,-9.11379E-07,0.9,0.9
0.148,0.148,0.148,-9.11379E-07,0.9,0.9
0.149,0.149,0.149,-9.11379E-07,0.9,0.9
0.15,0.15,0.15,-9.11379E-07,0.9,0.9
0.151,0.151,0.151,-9.11379E-07,0.9,0.9
0.152,0.152,0.152,-9.11379E-07,0.9,0.9
0.153,0.153,0.153,-9.11379E-07,0.9,0.9
0.154,0.154,0.154,-9.11379E-07,0.9,0.9
0.155,0.155,0.155,-9.11379E-07,0.9,0.9
0.156,0.156,0.156,-9.11379E-07,0.9,0.9
0.157,0.157,0.157,-9.11379E-07,0.9,0.9
0.158,0.158,0.158,-9.11379E-07,0.9,0.9
0.159,0.159,0.159,-9.11379E-07,0.9,0.9
0.16,0.16,0.16,-9.11379E-07,0.9,0.9
0.161,0.161,0.161,-9.11379E-07,0.9,0.9
0.162,0.162,0.162,-9.11379E-07,0.9,0.9
0.163,0.163,0.163,-9.11379E-07,0.9,0.9
0.164,0.164,0.164,-9.11379E-07,0.9,0.9
0.165,0.165,0.165,-9.11379E-07,0.9,0.9
0.166,0.166,0.166,-9.11379E-07,0.9,0.9
0.167,0.167,0.167,-9.11379E-07,0.9,0.9
0.168,0.168,0.168,-9.11379E-07,0.9,0.9
0.169,0.169,0.169,-9.11379E-07,0.9,0.9
0.17,0.17,0.17,-9.11379E-07,0.9,0.9
0.171,0.171,0.171,-9.11379E-07,0.9,0.9
0.172,0.172,0.172,-9.11379E-07,0.9,0.9
0.173,0.173,0.173,-9.11379E-07,0.9,0.9
0.174,0.174,0.174,-9.11379E-07,0.9,0.9
0.175,0.175,0.175,-9.11379E-07,0.9,0.9
0.176,0.176,0.176,-9.11379E-07,0.9,0.9
0.177,0.177,0.177,-9.11379E-07,0.9,0.9
0.178,0.178,0.178,-9.11379E-07,0.9,0.9
0.179,0.179,0.179,-9.11379E-07,0.9,0.9
0.18,0.18,0.18,-9.11379E-07,0.9,0.9
0.181,0.181,0.181,-9.11379E-07,0.9,0.9
0.182,0.182,0.182,-9.11379E-07,0.9,0.9
0.183,0.183,0.183,-9.11379E-07,0.9,0.9
0.184,0.184,0.184,-9.11379E-07,0.9,0.9
0.185,0.185,0.185,-9.11379E-07,0.9,0.9
0.186,0.186,0.186,-9.11379E-07,0.9,0.9
0.187,0.187,0.187,-9.11379E-07,0.9,0.9
0.188,0.188,0.188,-9.11379E-07,0.9,0.9
0.189,0.189,0.189,-9.11379E-07,0.9,0.9
0.19,0.19,0.19,-9.11379E-07,0.9,0.9
0.191,0.191,0.191,-9.11379E-07,0.9,0.9
0.192,0.192,0.192,-9.11379E-07,0.9,0.9
0.193,0.193,0.193,-9.11379E-07,0.9,0.9
0.194,0.194,0.194,-9.11379E-07,0.9,0.9
0.195,0.195,0.195,-9.11379E-07,0.9,0.9
0.196,0.196,0.196,-9.11379E-07,0.9,0.9
0.197,0.197,0.197,-9.11379E-07,0.9,0.9
0.198,0.198,0.198,-9.11379E-07,0.9,0.9
0.199,0.199,0.199,-9.11379E-07,0.9,0.9
0.2,0.2,0.2,-9.11379E-07,0.9,0.9
0.201,0.201,0.201,-9.11379E-07,0.9,0.9
0.202,0.202,0.202,-9.11379E-07,0.9,0.9
0.203,0.203,0.203,-9.11379E-07,0.9,0.9
0.204,0.204,0.204,-9.11379E-07,0.9,0.9
0.205,0.205,0.205,-9.11379E-07,0.9,0.9
0.206,0.206,0.206,-9.11379E-07,0.9,0.9
0.207,0.207,0.207,-9.11379E-07,0.9,0.9
0.208,0.208,0.208,-9.11379E-07,0.9,0.9
0.209,0.209,0.209,-9.11379E-07,0.9,0.9
0.21,0.21,0.21,-9.11379E-07,0.9,0.9
0.211,0.211,0.211,-9.11379E-07,0.9,0.9
0.212,0.212,0.212,-9.11379E-07,0.9,0.9
0.213,0.213,0.213,-9.11379E-07,0.9,0.9
0.214,0.214,0.214,-9.11379E-07,0.9,0.9
0.215,0.215,0.215,-9.11379E-07,0.9,0.9
0.216,0.216,0.216,-9.11379E-07,0.9,0.9
0.217,0.217,0.217,-9.11379E-07,0.9,0.9
0.218,0.218,0.218,-9.11379E-07,0.9,0.9
0.219,0.219,0.219,-9.11379E-07,0.9,0.9
0.22,0.22,0.22,-9.11379E-07,0.9,0.9
0.221,0.221,0.221,-9.11379E-07,0.9,0.9
0.222,0.222,0.222,-9.11379E-07,0.9,0.9
0.223,0.223,0.223,-9.11379E-07,0.9,0.9
0.224,0.224,0.224,-9.11379E-07,0.9,0.9
0.225,0.225,0.225,-9.11379E-07,0.9,0.9
0.226,0.226,0.226,-9.11379E-07,0.9,0.9
0.227,0.227,0.227,-9.11379E-07,0.9,0.9
0.228,0.228,0.228,-9.11379E-07,0.9,0.9
0.229,0.229,0.229,-9.11379E-07,0.9,0.9
0.23,0.23,0.23,-9.11379E-07,0.9,0.9
0.231,0.231,0.231,-9.11379E-07,0.9,0.9
0.232,0.232,0.232,-9.11379E-07,0.9,0.9
0.233,0.233,0.233,-9.11379E-07,0.9,0.9
0.234,0.234,0.234,-9.11379E-07,0.9,0.9
0.235,0.235,0.235,-9.11379E-07,0.9,0.9
0.236,0.236,0.236,-9.11379E-07,0.9,0.9
0.237,0.237,0.237,-9.11379E-07,0.9,0.9
0.238,0.238,0.238,-9.11379E-07,0.9,0.9
0.239,0.239,0.239,-9.11379E-07,0.9,0.9
0.24,0.24,0.24,-9.11379E-07,0.9,0.9
0.241,0.241,0.241,-9.11379E-07,0.9,0.9
0.242,0.242,0.242,-9.11379E-07,0.9,0.9
0.243,0.243,0.243,-9.11379E-07,0.9,0.9
0.244,0.244,0.244,-9.11379E-07,0.9,0.9
0.245,0.245,0.245,-9.11379E-07,0.9,0.9
0.246,0.246,0.246,-9.11379E-07,0.9,0.9
0.247,0.247,0.247,-9.11379E-07,0.9,0.9
0.248,0.248,0.248,-9.11379E-07,0.9,0.9
0.249,0.249,0.249,-9.11379E-07,0.9,0.9
0.25,0.25,0.25,-9.11379E-07,0.9,0.9
0.251,0.251,0.251,-9.11379E-07,0.9,0.9
0.252,0.252,0.252,-9.11379E-07,0.9,0.9
0.253,0.253,0.253,-9.11379E-07,0.9,0.9
0.254,0.254,0.254,-9.11379E-07,0.9,0.9
0.255,0.255,0.255,-9.11379E-07,0.9,0.9
0.256,0.256,0.256,-9.11379E-07,0.9,0.9
0.257,0.257,0.257,-9.11379E-07,0.9,0.9
0.258,0.258,0.258,-9.11379E-07,0.9,0.9
0.259,0.259,0.259,-9.11379E-07,0.9,0.9
0.26,0.26,0.26,-9.11379E-07,0.9,0.9
0.261,0.261,0.261,-9.11379E-07,0.9,0.9
0.262,0.262,0.262,-9.11379E-07,0.9,0.9
0.263,0.263,0.263,-9.11379E-07,0.9,0.9
0.264,0.264,0.264,-9.11379E-07,0.9,0.9
0.265,0.265,0.265,-9.11379E-07,0.9,0.9
0.266,0.266,0.266,-9.11379E-07,0.9,0.9
0.267,0.267,0.267,-9.11379E-07,0.9,0.9
0.268,0.268,0.268,-9.11379E-07,0.9,0.9
0.269,0.269,0.269,-9.11379E-07,0.9,0.9
0.27,0.27,0.27,-9.11379E-07,0.9,0.9
0.271,0.271,0.271,-9.11379E-07,0.9,0.9
0.272,0.272,0.272,-9.11379E-07,0.9,0.9
0.273,0.273,0.273,-9.11379E-07,0.9,0.9
0.274,0.274,0.274,-9.11379E-07,0.9,0.9
0.275,0.275,0.275,-9.11379E-07,0.9,0.9
0.276,0.276,0.276,-9.11379E-07,0.9,0.9
0.277,0.277,0.277,-9.11379E-07,0.9,0.9
0.278,0.278,0.278,-9.11379E-07,0.9,0.9
0.279,0.279,0.279,-9.11379E-07,0.9,0.9
0.28,0.28,0.28,-9.11379E-07,0.9,0.9
0.281,0.281,0.281,-9.11379E-07,0.9,0.9
0.282,0.282,0.282,-9.11379E-07,0.9,0.9
0.283,0.283,0.283,-9.11379E-07,0.9,0.9
0.284,0.284,0.284,-9.11379E-07,0.9,0.9
0.285,0.285,0.285,-9.11379E-07,0.9,0.9
0.286,0.286,0.286,-9.11379E-07,0.9,0.9
0.287,0.287,0.287,-9.11379E-07,0.9,0.9
0.288,0.288,0.288,-9.11379E-07,0.9,0.9
0.289,0.289,0.289,-9.11379E-07,0.9,0.9
0.29,0.29,0.29,-9.11379E-07,0.9,0.9
0.291,0.291,0.291,-9.11379E-07,0.9,0.9
0.292,0.292,0.292,-9.11379E-07,0.9,0.9
0.293,0.293,0.293,-9.11379E-07,0.9,0.9
0.294,0.294,0.294,-9.11379E-07,0.9,0.9
0.295,0.295,0.295,-9.11379E-07,0.9,0.9
0.296,0.296,0.296,-9.11379E-07,0.9,0.9
0.297,0.297,0.297,-9.11379E-07,0.9,0.9
0.298,0.298,0.298,-9.11379E-07,0.9,0.9
0.299,0.299,0.299,-9.11379E-07,0.9,0.9
0.3,0.3,0.3,-9.11379E-07,0.9,0.9
0.301,0.301,0.301,-9.11379E-07,0.9,0.9
0.302,0.302,0.302,-9.11379E-07,0.9,0.9
0.303,0.303,0.303,-9.11379E-07,0.9,0.9
0.304,0.304,0.304,-9.11379E-07,0.9,0.9
0.305,0.305,0.305,-9.11379E-07,0.9,0.9
0.306,0.306,0.306,-9.11379E-07,0.9,0.9
0.307,0.307,0.307,-9.11379E-07,0.9,0.9
0.308,0.308,0.308,-9.11379E-07,0.9,0.9
0.309,0.309,0.309,-9.11379E-07,0.9,0.9
0.31,0.31,0.31,-9.11379E-07,0.9,0.9
0.311,0.311,0.311,-9.11379E-07,0.9,0.9
0.312,0.312,0.312,-9.11379E-07,0.9,0.9
0.313,0.313,0.313,-9.11379E-07,0.9,0.9
0.314,0.314,0.314,-9.11379E-07,0.9,0.9
0.315,0.315,0.315,-9.11379E-07,0.9,0.9
0.316,0.316,0.316,-9.11379E-07,0.9,0.9
0.317,0.317,0.317,-9.11379E-07,0.9,0.9
0.318,0.318,0.318,-9.11379E-07,0.9,0.9
0.319,0.319,0.319,-9.11379E-07,0.9,0.9
0.32,0.32,0.32,-9.11379E-07,0.9,0.9
0.321,0.321,0.321,-9.11378E-07,0.9,0.9
0.322,0.322,0.322,-9.11378E-07,0.9,0.9
0.323,0.323,0.323,-9.11378E-07,0.9,0.9
0.324,0.324,0.324,-9.11378E-07,0.9,0.9
0.325,0.325,0.325,-9.11378E-07,0.9,0.9
0.326,0.326,0.326,-9.11378E-07,0.9,0.9
0.327,0.327,0.327,-9.11378E-07,0.9,0.9
0.328,0.328,0.328,-9.11378E-07,0.9,0.9
0.329,0.329,0.329,-9.11378E-07,0.9,0.9
0.33,0.33,0.33,-9.11378E-07,0.9,0.9
0.331,0.331,0.331,-9.11378E-07,0.9,0.9
0.332,0.332,0.332,-9.11378E-07,0.9,0.9
0.333,0.333,0.333,-9.11378E-07,0.9,0.9
0.334,0.334,0.334,-9.11378E-07,0.9,0.9
0.335,0.335,0.335,-9.11378E-07,0.9,0.9
0.336,0.336,0.336,-9.11378E-07,0.9,0.9
0.337,0.337,0.337,-9.11378E-07,0.9,0.9
0.338,0.338,0.338,-9.11378E-07,0.9,0.9
0.339,0.339,0.339,-9.11378E-07,0.9,0.9
0.34,0.34,0.34,-9.11378E-07,0.9,0.9
0.341,0.341,0.341,-9.11378E-07,0.9,0.9
0.342,0.342,0.342,-9.11378E-07,0.9,0.9
0.343,0.343,0.343,-9.11378E-07,0.9,0.9
0.344,0.344,0.344,-9.11378E-07,0.9,0.9
0.345,0.345,0.345,-9.11378E-07,0.9,0.9
0.346,0.346,0.346,-9.11378E-07,0.9,0.9
0.347,0.347,0.347,-9.11378E-07,0.9,0.9
0.348,0.348,0.348,-9.11378E-07,0.9,0.9
0.349,0.349,0.349,-9.11378E-07,0.9,0.9
0.35,0.35,0.35,-9.11378E-07,0.9,0.9
0.351,0.351,0.351,-9.11378E-07,0.9,0.9
0.352,0.352,0.352,-9.11378E-07,0.9,0.9
0.353,0.353,0.353,-9.11378E-07,0.9,0.9
0.354,0.354,0.354,-9.11378E-07,0.9,0.9
0.355,0.355,0.355,-9.11378E-07,0.9,0.9
0.356,0.356,0.356,-9.11378E-07,0.9,0.9
0.357,0.357,0.357,-9.11378E-07,0.9,0.9
0.358,0.358,0.358,-9.11378E-07,0.9,0.9
0.359,0.359,0.359,-9.11378E-07,0.9,0.9
0.36,0.36,0.36,-9.11378E-07,0.9,0.9
0.361,0.361,0.361,-9.11378E-07,0.9,0.9
0.362,0.362,0.362,-9.11378E-07,0.9,0.9
0.363,0.363,0.363,-9.11378E-07,0.9,0.9
0.364,0.364,0.364,-9.11378E-07,0.9,0.9
0.365,0.365,0.365,-9.11378E-07,0.9,0.9
0.366,0.366,0.366,-9.11378E-07,0.9,0.9
0.367,0.367,0.367,-9.11378E-07,0.9,0.9
0.368,0.368,0.368,-9.11378E-07,0.9,0.9
0.369,0.369,0.369,-9.11378E-07,0.9,0.9
0.37,0.37,0.37,-9.11378E-07,0.9,0.9
0.371,0.371,0.371,-9.11378E-07,0.9,0.9
0.372,0.372,0.372,-9.11378E-07,0.9,0.9
0.373,0.373,0.373,-9.11378E-07,0.9,0.9
0.374,0.374,0.374,-9.11378E-07,0.9,0.9
0.375,0.375,0.375,-9.11378E-07,0.9,0.9
0.376,0.376,0.376,-9.11378E-07,0.9,0.9
0.377,0.377,0.377,-9.11378E-07,0.9,0.9
0.378,0.378,0.378,-9.11378E-07,0.9,0.9
0.379,0.379,0.379,-9.11378E-07,0.9,0.9
0.38,0.38,0.38,-9.11378E-07,0.9,0.9
0.381,0.381,0.381,-9.11378E-07,0.9,0.9
0.382,0.382,0.382,-9.11378E-07,0.9,0.9
0.383,0.383,0.383,-9.11377E-07,0.9,0.9
0.384,0.384,0.384,-9.11377E-07,0.9,0.9
0.385,0.385,0.385,-9.11377E-07,0.9,0.9
0.386,0.386,0.386,-9.11377E-07,0.9,0.9
0.387,0.387,0.387,-9.11377E-07,0.9,0.9
0.388,0.388,0.388,-9.11377E-07,0.9,0.9
0.389,0.389,0.389,-9.11377E-07,0.9,0.9
0.39,0.39,0.39,-9.11377E-07,0.9,0.9
0.391,0.391,0.391,-9.11377E-07,0.9,0.9
0.392,0.392,0.392,-9.11377E-07,0.9,0.9
0.393,0.393,0.393,-9.11377E-07,0.9,0.9
0.394,0.394,0.394,-9.11377E-07,0.9,0.9
0.395,0.395,0.395,-9.11377E-07,0.9,0.9
0.396,0.396,0.396,-9.11377E-07,0.9,0.9
0.397,0.397,0.397,-9.11377E-07,0.9,0.9
0.398,0.398,0.398,-9.11377E-07,0.9,0.9
0.399,0.399,0.399,-9.11377E-07,0.9,0.9
0.4,0.4,0.4,-9.11377E-07,0.9,0.9
0.401,0.401,0.401,-9.11377E-07,0.9,0.9
0.402,0.402,0.402,-9.11377E-07,0.9,0.9
0.403,0.403,0.403,-9.11377E-07,0.9,0.9
0.404,0.404,0.404,-9.11377E-07,0.9,0.9
0.405,0.405,0.405,-9.11376E-07,0.9,0.9
0.406,0.406,0.406,-9.11376E-07,0.9,0.9
0.407,0.407,0.407,-9.11376E-07,0.9,0.9
0.408,0.408,0.408,-9.11376E-07,0.9,0.9
0.409,0.409,0.409,-9.11376E-07,0.9,0.9
0.41,0.41,0.41,-9.11376E-07,0.9,0.9
0.411,0.411,0.411,-9.11376E-07,0.9,0.9
0.412,0.412,0.412,-9.11376E-07,0.9,0.9
0.413,0.413,0.413,-9.11376E-07,0.9,0.9
0.414,0.414,0.414,-9.11376E-07,0.9,0.9
0.415,0.415,0.415,-9.11376E-07,0.9,0.9
0.416,0.416,0.416,-9.11376E-07,0.9,0.9
0.417,0.417,0.417,-9.11376E-07,0.9,0.9
0.418,0.418,0.418,-9.11375E-07,0.9,0.9
0.419,0.419,0.419,-9.11375E-07,0.9,0.9
0.42,0.42,0.42,-9.11375E-07,0.9,0.9
0.421,0.421,0.421,-9.11375E-07,0.9,0.9
0.422,0.422,0.422,-9.11375E-07,0.9,0.9
0.423,0.423,0.423,-9.11375E-07,0.9,0.9
0.424,0.424,0.424,-9.11375E-07,0.9,0.9
0.425,0.425,0.425,-9.11375E-07,0.9,0.9
0.426,0.426,0.426,-9.11375E-07,0.9,0.9
0.427,0.427,0.427,-9.11375E-07,0.9,0.9
0.428,0.428,0.428,-9.11374E-07,0.9,0.9
0.429,0.429,0.429,-9.11374E-07,0.9,0.9
0.43,0.43,0.43,-9.11374E-07,0.9,0.9
0.431,0.431,0.431,-9.11374E-07,0.9,0.9
0.432,0.432,0.432,-9.11374E-07,0.9,0.9
0.433,0.433,0.433,-9.11374E-07,0.9,0.9
0.434,0.434,0.434,-9.11374E-07,0.9,0.9
0.435,0.435,0.435,-9.11374E-07,0.9,0.9
0.436,0.436,0.436,-9.11373E-07,0.9,0.9
0.437,0.437,0.437,-9.11373E-07,0.9,0.9
0.438,0.438,0.438,-9.11373E-07,0.9,0.9
0.439,0.439,0.439,-9.11373E-07,0.9,0.9
0.44,0.44,0.44,-9.11373E-07,0.9,0.9
0.441,0.441,0.441,-9.11373E-07,0.9,0.9
0.442,0.442,0.442,-9.11372E-07,0.9,0.9
0.443,0.443,0.443,-9.11372E-07,0.9,0.9
0.444,0.444,0.444,-9.11372E-07,0.9,0.9
0.445,0.445,0.445,-9.11372E-07,0.9,0.9
0.446,0.446,0.446,-9.11372E-07,0.9,0.9
0.447,0.447,0.447,-9.11371E-07,0.9,0.9
0.448,0.448,0.448,-9.11371E-07,0.9,0.9
0.449,0.449,0.449,-9.11371E-07,0.9,0.9
0.45,0.45,0.45,-9.11371E-07,0.9,0.9
0.451,0.451,0.451,-9.11371E-07,0.9,0.9
0.452,0.452,0.452,-9.1137E-07,0.9,0.9
0.453,0.453,0.453,-9.1137E-07,0.9,0.9
0.454,0.454,0.454,-9.1137E-07,0.9,0.9
0.455,0.455,0.455,-9.1137E-07,0.9,0.9
0.456,0.456,0.456,-9.11369E-07,0.9,0.9
0.457,0.457,0.457,-9.11369E-07,0.9,0.9
0.458,0.458,0.458,-9.11369E-07,0.9,0.9
0.459,0.459,0.459,-9.11369E-07,0.9,0.9
0.46,0.46,0.46,-9.11368E-07,0.9,0.9
0.461,0.461,0.461,-9.11368E-07,0.9,0.9
0.462,0.462,0.462,-9.11368E-07,0.9,0.9
0.463,0.463,0.463,-9.11367E-07,0.9,0.9
0.464,0.464,0.464,-9.11367E-07,0.9,0.9
0.465,0.465,0.465,-9.11367E-07,0.9,0.9
0.466,0.466,0.466,-9.11366E-07,0.9,0.9
0.467,0.467,0.467,-9.11366E-07,0.9,0.9
0.468,0.468,0.468,-9.11366E-07,0.9,0.9
0.469,0.469,0.469,-9.11365E-07,0.9,0.9
0.47,0.47,0.47,-9.11365E-07,0.9,0.9
0.471,0.471,0.471,-9.11364E-07,0.9,0.9
0.472,0.472,0.472,-9.11364E-07,0.9,0.9
0.473,0.473,0.473,-9.11364E-07,0.9,0.9
0.474,0.474,0.474,-9.11363E-07,0.9,0.9
0.475,0.475,0.475,-9.11363E-07,0.9,0.9
0.476,0.476,0.476,-9.11362E-07,0.9,0.9
0.477,0.477,0.477,-9.11362E-07,0.9,0.9
0.478,0.478,0.478,-9.11361E-07,0.9,0.9
0.479,0.479,0.479,-9.11361E-07,0.9,0.9
0.48,0.48,0.48,-9.1136E-07,0.9,0.9
0.481,0.481,0.481,-9.1136E-07,0.9,0.9
0.482,0.482,0.482,-9.11359E-07,0.9,0.9
0.483,0.483,0.483,-9.11359E-07,0.9,0.9
0.484,0.484,0.484,-9.11358E-07,0.9,0.9
0.485,0.485,0.485,-9.11358E-07,0.9,0.9
0.486,0.486,0.486,-9.11357E-07,0.9,0.9
0.487,0.487,0.487,-9.11356E-07,0.9,0.9
0.488,0.488,0.488,-9.11356E-07,0.9,0.9
0.489,0.489,0.489,-9.11355E-07,0.9,0.9
0.49,0.49,0.49,-9.11354E-07,0.9,0.9
0.491,0.491,0.491,-9.11354E-07,0.9,0.9
0.492,0.492,0.492,-9.11353E-07,0.9,0.9
0.493,0.493,0.493,-9.11352E-07,0.9,0.9
0.494,0.494,0.494,-9.11351E-07,0.9,0.9
0.495,0.495,0.495,-9.11351E-07,0.9,0.9
0.496,0.496,0.496,-9.1135E-07,0.9,0.9
0.497,0.497,0.497,-9.11349E-07,0.9,0.9
0.498,0.498,0.498,-9.11348E-07,0.9,0.9
0.499,0.499,0.499,-9.11347E-07,0.9,0.9
0.5,0.5,0.5,-9.11346E-07,0.9,0.9
0.501,0.501,0.501,-9.11346E-07,0.9,0.9
0.502,0.502,0.502,-9.11345E-07,0.9,0.9
0.503,0.503,0.503,-9.11344E-07,0.9,0.9
0.504,0.504,0.504,-9.11343E-07,0.9,0.9
0.505,0.505,0.505,-9.11342E-07,0.9,0.9
0.506,0.506,0.506,-9.11341E-07,0.9,0.9
0.507,0.507,0.507,-9.11339E-07,0.9,0.9
0.508,0.508,0.508,-9.11338E-07,0.9,0.9
0.509,0.509,0.509,-9.11337E-07,0.9,0.9
0.51,0.51,0.51,-9.11336E-07,0.9,0.9
0.511,0.511,0.511,-9.11335E-07,0.9,0.9
0.512,0.512,0.512,-9.11333E-07,0.9,0.9
0.513,0.513,0.513,-9.11332E-07,0.9,0.9
0.514,0.514,0.514,-9.11331E-07,0.9,0.9
0.515,0.515,0.515,-9.11329E-07,0.9,0.9
0.516,0.516,0.516,-9.11328E-07,0.9,0.9
0.517,0.517,0.517,-9.11327E-07,0.9,0.9
0.518,0.518,0.518,-9.11325E-07,0.9,0.9
0.519,0.519,0.519,-9.11324E-07,0.9,0.9
0.52,0.52,0.52,-9.11322E-07,0.9,0.9
0.521,0.521,0.521,-9.1132E-07,0.9,0.9
0.522,0.522,0.522,-9.11319E-07,0.9,0.9
0.523,0.523,0.523,-9.11317E-07,0.9,0.9
0.524,0.524,0.524,-9.11315E-07,0.9,0.9
0.525,0.525,0.525,-9.11314E-07,0.9,0.9
0.526,0.526,0.526,-9.11312E-07,0.9,0.9
0.527,0.527,0.527,-9.1131E-07,0.9,0.9
0.528,0.528,0.528,-9.11308E-07,0.9,0.9
0.529,0.529,0.529,-9.11306E-07,0.9,0.9
0.53,0.53,0.53,-9.11304E-07,0.9,0.9
0.531,0.531,0.531,-9.11301E-07,0.9,0.9
0.532,0.532,0.532,-9.11299E-07,0.9,0.9
0.533,0.533,0.533,-9.11297E-07,0.9,0.9
0.534,0.534,0.534,-9.11295E-07,0.9,0.9
0.535,0.535,0.535,-9.11292E-07,0.9,0.9
0.536,0.536,0.536,-9.1129E-07,0.9,0.9
0.537,0.537,0.537,-9.11287E-07,0.9,0.9
0.538,0.538,0.538,-9.11285E-07,0.9,0.9
0.539,0.539,0.539,-9.11282E-07,0.9,0.9
0.54,0.54,0.54,-9.11279E-07,0.9,0.9
0.541,0.541,0.541,-9.11276E-07,0.9,0.9
0.542,0.542,0.542,-9.11274E-07,0.9,0.9
0.543,0.543,0.543,-9.11271E-07,0.9,0.9
0.544,0.544,0.544,-9.11267E-07,0.9,0.9
0.545,0.545,0.545,-9.11264E-07,0.9,0.9
0.546,0.546,0.546,-9.11261E-07,0.9,0.9
0.547,0.547,0.547,-9.11258E-07,0.9,0.9
0.548,0.548,0.548,-9.11254E-07,0.9,0.9
0.549,0.549,0.549,-9.11251E-07,0.9,0.9
0.55,0.55,0.55,-9.11247E-07,0.9,0.9
0.551,0.551,0.551,-9.11243E-07,0.9,0.9
0.552,0.552,0.552,-9.11239E-07,0.9,0.9
0.553,0.553,0.553,-9.11235E-07,0.9,0.9
0.554,0.554,0.554,-9.11231E-07,0.9,0.9
0.555,0.555,0.555,-9.11227E-07,0.9,0.9
0.556,0.556,0.556,-9.11223E-07,0.9,0.9
0.557,0.557,0.557,-9.11218E-07,0.9,0.9
0.558,0.558,0.558,-9.11214E-07,0.9,0.9
0.559,0.559,0.559,-9.11209E-07,0.9,0.9
0.56,0.56,0.56,-9.11204E-07,0.9,0.9
0.561,0.561,0.561,-9.11199E-07,0.9,0.9
0.562,0.562,0.562,-9.11194E-07,0.9,0.9
0.563,0.563,0.563,-9.11189E-07,0.9,0.9
0.564,0.564,0.564,-9.11184E-07,0.9,0.9
0.565,0.565,0.565,-9.11178E-07,0.9,0.9
0.566,0.566,0.566,-9.11172E-07,0.9,0.9
0.567,0.567,0.567,-9.11166E-07,0.9,0.9
0.568,0.568,0.568,-9.1116E-07,0.9,0.9
0.569,0.569,0.569,-9.11154E-07,0.9,0.9
0.57,0.57,0.57,-9.11148E-07,0.9,0.9
0.571,0.571,0.571,-9.11141E-07,0.9,0.9
0.572,0.572,0.572,-9.11134E-07,0.9,0.9
0.573,0.573,0.573,-9.11127E-07,0.9,0.9
0.574,0.574,0.574,-9.1112E-07,0.9,0.9
0.575,0.575,0.575,-9.11113E-07,0.9,0.9
0.576,0.576,0.576,-9.11105E-07,0.9,0.9
0.577,0.577,0.577,-9.11098E-07,0.9,0.9
0.578,0.578,0.578,-9.1109E-07,0.9,0.9
0.579,0.579,0.579,-9.11081E-07,0.9,0.9
0.58,0.58,0.58,-9.11073E-07,0.9,0.9
0.581,0.581,0.581,-9.11064E-07,0.9,0.9
0.582,0.582,0.582,-9.11055E-07,0.9,0.9
0.583,0.583,0.583,-9.11046E-07,0.9,0.9
0.584,0.584,0.584,-9.11036E-07,0.9,0.9
0.585,0.585,0.585,-9.11027E-07,0.9,0.9
0.586,0.586,0.586,-9.11017E-07,0.9,0.9
0.587,0.587,0.587,-9.11006E-07,0.9,0.9
0.588,0.588,0.588,-9.10996E-07,0.9,0.9
0.589,0.589,0.589,-9.10985E-07,0.9,0.9
0.59,0.59,0.59,-9.10974E-07,0.9,0.9
0.591,0.591,0.591,-9.10962E-07,0.9,0.9
0.592,0.592,0.592,-9.1095E-07,0.9,0.9
0.593,0.593,0.593,-9.10938E-07,0.9,0.9
0.594,0.594,0.594,-9.10926E-07,0.9,0.9
0.595,0.595,0.595,-9.10913E-07,0.9,0.9
0.596,0.596,0.596,-9.10899E-07,0.9,0.9
0.597,0.597,0.597,-9.10886E-07,0.9,0.9
0.598,0.598,0.598,-9.10872E-07,0.9,0.9
0.599,0.599,0.599,-9.10857E-07,0.9,0.9
0.6,0.6,0.6,-9.10842E-07,0.9,0.9
0.601,0.601,0.601,-9.10827E-07,0.9,0.9
0.602,0.602,0.602,-9.10811E-07,0.9,0.9
0.603,0.603,0.603,-9.10795E-07,0.9,0.9
0.604,0.604,0.604,-9.10779E-07,0.9,0.9
0.605,0.605,0.605,-9.10762E-07,0.9,0.9
0.606,0.606,0.606,-9.10744E-07,0.9,0.9
0.607,0.607,0.607,-9.10726E-07,0.9,0.9
0.608,0.608,0.608,-9.10708E-07,0.9,0.9
0.609,0.609,0.609,-9.10688E-07,0.9,0.9
0.61,0.61,0.61,-9.10669E-07,0.9,0.9
0.611,0.611,0.611,-9.10649E-07,0.9,0.9
0.612,0.612,0.612,-9.10628E-07,0.9,0.9
0.613,0.613,0.613,-9.10607E-07,0.9,0.9
0.614,0.614,0.614,-9.10585E-07,0.9,0.9
0.615,0.615,0.615,-9.10562E-07,0.9,0.9
0.616,0.616,0.616,-9.10539E-07,0.9,0.9
0.617,0.617,0.617,-9.10515E-07,0.9,0.9
0.618,0.618,0.618,-9.1049E-07,0.9,0.9
0.619,0.619,0.619,-9.10465E-07,0.9,0.9
0.62,0.62,0.62,-9.10439E-07,0.9,0.9
0.621,0.621,0.621,-9.10413E-07,0.9,0.9
0.622,0.622,0.622,-9.10385E-07,0.9,0.9
0.623,0.623,0.623,-9.10357E-07,0.9,0.9
0.624,0.624,0.624,-9.10328E-07,0.9,0.9
0.625,0.625,0.625,-9.10298E-07,0.9,0.9
0.626,0.626,0.626,-9.10267E-07,0.9,0.9
0.627,0.627,0.627,-9.10236E-07,0.9,0.9
0.628,0.628,0.628,-9.10203E-07,0.9,0.9
0.629,0.629,0.629,-9.1017E-07,0.9,0.9
0.63,0.63,0.63,-9.10136E-07,0.9,0.9
0.631,0.631,0.631,-9.101E-07,0.9,0.9
0.632,0.632,0.632,-9.10064E-07,0.9,0.9
0.633,0.633,0.633,-9.10027E-07,0.9,0.9
0.634,0.634,0.634,-9.09988E-07,0.9,0.9
0.635,0.635,0.635,-9.09949E-07,0.9,0.9
0.636,0.636,0.636,-9.09908E-07,0.9,0.9
0.637,0.637,0.637,-9.09867E-07,0.9,0.9
0.638,0.638,0.638,-9.09824E-07,0.9,0.9
0.639,0.639,0.639,-9.0978E-07,0.9,0.9
0.64,0.64,0.64,-9.09734E-07,0.9,0.9
0.641,0.641,0.641,-9.09688E-07,0.9,0.9
0.642,0.642,0.642,-9.0964E-07,0.9,0.9
0.643,0.643,0.643,-9.0959E-07,0.9,0.9
0.644,0.644,0.644,-9.0954E-07,0.9,0.9
0.645,0.645,0.645,-9.09488E-07,0.9,0.9
0.646,0.646,0.646,-9.09434E-07,0.9,0.9
0.647,0.647,0.647,-9.09379E-07,0.9,0.9
0.648,0.648,0.648,-9.09322E-07,0.9,0.9
0.649,0.649,0.649,-9.09264E-07,0.9,0.9
0.65,0.65,0.65,-9.09204E-07,0.9,0.9
0.651,0.651,0.651,-9.09142E-07,0.9,0.9
0.652,0.652,0.652,-9.09079E-07,0.9,0.9
0.653,0.653,0.653,-9.09014E-07,0.9,0.9
0.654,0.654,0.654,-9.08947E-07,0.9,0.9
0.655,0.655,0.655,-9.08878E-07,0.9,0.9
0.656,0.656,0.656,-9.08807E-07,0.9,0.9
0.657,0.657,0.657,-9.08735E-07,0.9,0.9
0.658,0.658,0.658,-9.0866E-07,0.9,0.9
0.659,0.659,0.659,-9.08583E-07,0.9,0.9
0.66,0.66,0.66,-9.08504E-07,0.9,0.9
0.661,0.661,0.661,-9.08422E-07,0.9,0.9
0.662,0.662,0.662,-9.08339E-07,0.9,0.9
0.663,0.663,0.663,-9.08253E-07,0.9,0.9
0.664,0.664,0.664,-9.08165E-07,0.9,0.9
0.665,0.665,0.665,-9.08074E-07,0.9,0.9
0.666,0.666,0.666,-9.0798E-07,0.9,0.9
0.667,0.667,0.667,-9.07884E-07,0.9,0.9
0.668,0.668,0.668,-9.07786E-07,0.9,0.9
0.669,0.669,0.669,-9.07684E-07,0.9,0.9
0.67,0.67,0.67,-9.0758E-07,0.9,0.9
0.671,0.671,0.671,-9.07472E-07,0.9,0.9
0.672,0.672,0.672,-9.07362E-07,0.9,0.9
0.673,0.673,0.673,-9.07249E-07,0.9,0.9
0.674,0.674,0.674,-9.07132E-07,0.9,0.9
0.675,0.675,0.675,-9.07012E-07,0.9,0.9
0.676,0.676,0.676,-9.06889E-07,0.9,0.9
0.677,0.677,0.677,-9.06763E-07,0.9,0.9
0.678,0.678,0.678,-9.06632E-07,0.9,0.9
0.679,0.679,0.679,-9.06499E-07,0.9,0.9
0.68,0.68,0.68,-9.06361E-07,0.9,0.9
0.681,0.681,0.681,-9.0622E-07,0.9,0.9
0.682,0.682,0.682,-9.06074E-07,0.9,0.9
0.683,0.683,0.683,-9.05925E-07,0.9,0.9
0.684,0.684,0.684,-9.05771E-07,0.9,0.9
0.685,0.685,0.685,-9.05613E-07,0.9,0.9
0.686,0.686,0.686,-9.05451E-07,0.9,0.9
0.687,0.687,0.687,-9.05284E-07,0.9,0.9
0.688,0.688,0.688,-9.05113E-07,0.9,0.9
0.689,0.689,0.689,-9.04937E-07,0.9,0.9
0.69,0.69,0.69,-9.04756E-07,0.9,0.9
0.691,0.691,0.691,-9.04569E-07,0.9,0.9
0.692,0.692,0.692,-9.04378E-07,0.9,0.9
0.693,0.693,0.693,-9.04181E-07,0.9,0.9
0.694,0.694,0.694,-9.03979E-07,0.9,0.9
0.695,0.695,0.695,-9.03771E-07,0.9,0.9
0.696,0.696,0.696,-9.03558E-07,0.9,0.9
0.697,0.697,0.697,-9.03338E-07,0.9,0.9
0.698,0.698,0.698,-9.03113E-07,0.9,0.9
0.699,0.699,0.699,-9.02881E-07,0.9,0.9
0.7,0.7,0.7,-9.02643E-07,0.9,0.9
0.701,0.701,0.701,-9.02398E-07,0.9,0.9
0.702,0.702,0.702,-9.02146E-07,0.9,0.9
0.703,0.703,0.703,-9.01888E-07,0.9,0.9
0.704,0.704,0.704,-9.01622E-07,0.9,0.9
0.705,0.705,0.705,-9.01349E-07,0.9,0.9
0.706,0.706,0.706,-9.01068E-07,0.9,0.9
0.707,0.707,0.707,-9.0078E-07,0.9,0.9
0.708,0.708,0.708,-9.00483E-07,0.9,0.9
0.709,0.709,0.709,-9.00179E-07,0.9,0.9
0.71,0.71,0.71,-8.99866E-07,0.9,0.9
0.711,0.711,0.711,-8.99544E-07,0.9,0.9
0.712,0.712,0.712,-8.99214E-07,0.9,0.9
0.713,0.713,0.713,-8.98874E-07,0.9,0.9
0.714,0.714,0.714,-8.98525E-07,0.9,0.9
0.715,0.715,0.715,-8.98167E-07,0.9,0.9
0.716,0.716,0.716,-8.97799E-07,0.9,0.9
0.717,0.717,0.717,-8.9742E-07,0.9,0.9
0.718,0.718,0.718,-8.97032E-07,0.9,0.9
0.719,0.719,0.719,-8.96632E-07,0.9,0.9
0.72,0.72,0.72,-8.96222E-07,0.9,0.9
0.721,0.721,0.721,-8.95801E-07,0.9,0.9
0.722,0.722,0.722,-8.95367E-07,0.9,0.9
0.723,0.723,0.723,-8.94923E-07,0.9,0.9
0.724,0.724,0.724,-8.94466E-07,0.9,0.9
0.725,0.725,0.725,-8.93996E-07,0.9,0.9
0.726,0.726,0.726,-8.93514E-07,0.9,0.9
0.727,0.727,0.727,-8.93019E-07,0.9,0.9
0.728,0.728,0.728,-8.9251E-07,0.9,0.9
0.729,0.729,0.729,-8.91987E-07,0.9,0.9
0.73,0.73,0.73,-8.91451E-07,0.9,0.9
0.731,0.731,0.731,-8.90899E-07,0.9,0.9
0.732,0.732,0.732,-8.90333E-07,0.9,0.9
0.733,0.733,0.733,-8.89752E-07,0.9,0.9
0.734,0.734,0.734,-8.89154E-07,0.9,0.9
0.735,0.735,0.735,-8.88541E-07,0.9,0.9
0.736,0.736,0.736,-8.87911E-07,0.9,0.9
0.737,0.737,0.737,-8.87264E-07,0.9,0.9
0.738,0.738,0.738,-8.866E-07,0.9,0.9
0.739,0.739,0.739,-8.85918E-07,0.9,0.9
0.74,0.74,0.74,-8.85218E-07,0.9,0.9
0.741,0.741,0.741,-8.84499E-07,0.9,0.9
0.742,0.742,0.742,-8.8376E-07,0.9,0.9
0.743,0.743,0.743,-8.83002E-07,0.9,0.9
0.744,0.744,0.744,-8.82224E-07,0.9,0.9
0.745,0.745,0.745,-8.81425E-07,0.9,0.9
0.746,0.746,0.746,-8.80605E-07,0.9,0.9
0.747,0.747,0.747,-8.79763E-07,0.9,0.9
0.748,0.748,0.748,-8.78899E-07,0.9,0.9
0.749,0.749,0.749,-8.78011E-07,0.9,0.9
0.75,0.75,0.75,-8.77101E-07,0.9,0.9
0.751,0.751,0.751,-8.76166E-07,0.9,0.9
0.752,0.752,0.752,-8.75207E-07,0.9,0.9
0.753,0.753,0.753,-8.74222E-07,0.9,0.9
0.754,0.754,0.754,-8.73212E-07,0.9,0.9
0.755,0.755,0.755,-8.72175E-07,0.9,0.9
0.756,0.756,0.756,-8.7111E-07,0.9,0.9
0.757,0.757,0.757,-8.70019E-07,0.9,0.9
0.758,0.758,0.758,-8.68898E-07,0.9,0.9
0.759,0.759,0.759,-8.67749E-07,0.9,0.9
0.76,0.76,0.76,-8.66569E-07,0.9,0.9
0.761,0.761,0.761,-8.65359E-07,0.9,0.9
0.762,0.762,0.762,-8.64118E-07,0.9,0.9
0.763,0.763,0.763,-8.62845E-07,0.9,0.9
0.764,0.764,0.764,-8.61539E-07,0.9,0.9
0.765,0.765,0.765,-8.60199E-07,0.9,0.9
0.766,0.766,0.766,-8.58825E-07,0.9,0.9
0.767,0.767,0.767,-8.57416E-07,0.9,0.9
0.768,0.768,0.768,-8.55971E-07,0.9,0.9
0.769,0.769,0.769,-8.54489E-07,0.9,0.9
0.77,0.77,0.77,-8.52969E-07,0.9,0.9
0.771,0.771,0.771,-8.51411E-07,0.9,0.9
0.772,0.772,0.772,-8.49814E-07,0.9,0.9
0.773,0.773,0.773,-8.48176E-07,0.9,0.9
0.774,0.774,0.774,-8.46497E-07,0.9,0.9
0.775,0.775,0.775,-8.44776E-07,0.9,0.9
0.776,0.776,0.776,-8.43012E-07,0.9,0.9
0.777,0.777,0.777,-8.41204E-07,0.9,0.9
0.778,0.778,0.778,-8.39351E-07,0.9,0.9
0.779,0.779,0.779,-8.37452E-07,0.9,0.9
0.78,0.78,0.78,-8.35506E-07,0.9,0.9
0.781,0.781,0.781,-8.33513E-07,0.9,0.9
0.782,0.782,0.782,-8.3147E-07,0.9,0.9
0.783,0.783,0.783,-8.29378E-07,0.9,0.9
0.784,0.784,0.784,-8.27234E-07,0.9,0.9
0.785,0.785,0.785,-8.25039E-07,0.9,0.9
0.786,0.786,0.786,-8.2279E-07,0.9,0.9
0.787,0.787,0.787,-8.20487E-07,0.9,0.9
0.788,0.788,0.788,-8.18129E-07,0.9,0.9
0.789,0.789,0.789,-8.15714E-07,0.9,0.9
0.79,0.79,0.79,-8.13242E-07,0.9,0.9
0.791,0.791,0.791,-8.10711E-07,0.9,0.9
0.792,0.792,0.792,-8.0812E-07,0.9,0.9
0.793,0.793,0.793,-8.05468E-07,0.9,0.9
0.794,0.794,0.794,-8.02754E-07,0.9,0.9
0.795,0.795,0.795,-7.99977E-07,0.9,0.9
0.796,0.796,0.796,-7.97135E-07,0.9,0.9
0.797,0.797,0.797,-7.94227E-07,0.9,0.9
0.798,0.798,0.798,-7.91252E-07,0.9,0.9
0.799,0.799,0.799,-7.8821E-07,0.9,0.9
0.8,0.8,0.8,-7.85097E-07,0.9,0.9
0.801,0.801,0.801,-7.81915E-07,0.9,0.9
0.802,0.802,0.802,-7.7866E-07,0.9,0.9
0.803,0.803,0.803,-7.75332E-07,0.9,0.9
0.804,0.804,0.804,-7.71931E-07,0.9,0.9
0.805,0.805,0.805,-7.68453E-07,0.9,0.9
0.806,0.806,0.806,-7.64899E-07,0.9,0.9
0.807,0.807,0.807,-7.61266E-07,0.9,0.9
0.808,0.808,0.808,-7.57555E-07,0.9,0.9
0.809,0.809,0.809,-7.53763E-07,0.9,0.9
0.81,0.81,0.81,-7.49889E-07,0.9,0.9
0.811,0.811,0.811,-7.45932E-07,0.9,0.9
0.812,0.812,0.812,-7.41891E-07,0.9,0.9
0.813,0.813,0.813,-7.37764E-07,0.9,0.9
0.814,0.814,0.814,-7.33551E-07,0.9,0.9
0.815,0.815,0.815,-7.2925E-07,0.9,0.9
0.816,0.816,0.816,-7.2486E-07,0.9,0.9
0.817,0.817,0.817,-7.20379E-07,0.9,0.9
0.818,0.818,0.818,-7.15808E-07,0.9,0.9
0.819,0.819,0.819,-7.11143E-07,0.9,0.9
0.82,0.82,0.82,-7.06385E-07,0.9,0.9
0.821,0.821,0.821,-7.01532E-07,0.9,0.9
0.822,0.822,0.822,-6.96583E-07,0.9,0.9
0.823,0.823,0.823,-6.91537E-07,0.9,0.9
0.824,0.824,0.824,-6.86392E-07,0.9,0.9
0.825,0.825,0.825,-6.81149E-07,0.9,0.9
0.826,0.826,0.826,-6.75805E-07,0.9,0.9
0.827,0.827,0.827,-6.7036E-07,0.9,0.9
0.828,0.828,0.828,-6.64813E-07,0.9,0.9
0.829,0.829,0.829,-6.59163E-07,0.9,0.9
0.83,0.83,0.83,-6.5341E-07,0.9,0.9
0.831,0.831,0.831,-6.47551E-07,0.9,0.9
0.832,0.832,0.832,-6.41586E-07,0.9,0.9
0.833,0.833,0.833,-6.35516E-07,0.9,0.9
0.834,0.834,0.834,-6.29338E-07,0.9,0.9
0.835,0.835,0.835,-6.23052E-07,0.9,0.9
0.836,0.836,0.836,-6.16657E-07,0.9,0.9
0.837,0.837,0.837,-6.10154E-07,0.9,0.9
0.838,0.838,0.838,-6.03541E-07,0.9,0.9
0.839,0.839,0.839,-5.96817E-07,0.9,0.9
0.84,0.84,0.84,-5.89983E-07,0.9,0.9
0.841,0.841,0.841,-5.83038E-07,0.9,0.9
0.842,0.842,0.842,-5.75982E-07,0.9,0.9
0.843,0.843,0.843,-5.68814E-07,0.9,0.9
0.844,0.844,0.844,-5.61534E-07,0.9,0.9
0.845,0.845,0.845,-5.54141E-07,0.9,0.9
0.846,0.846,0.846,-5.46637E-07,0.9,0.9
0.847,0.847,0.847,-5.39021E-07,0.9,0.9
0.848,0.848,0.848,-5.31292E-07,0.9,0.9
0.849,0.849,0.849,-5.23451E-07,0.9,0.9
0.85,0.85,0.85,-5.15498E-07,0.9,0.9
0.851,0.851,0.851,-5.07434E-07,0.9,0.9
0.852,0.852,0.852,-4.99258E-07,0.9,0.9
0.853,0.853,0.853,-4.90971E-07,0.9,0.9
0.854,0.854,0.854,-4.82574E-07,0.9,0.9
0.855,0.855,0.855,-4.74066E-07,0.9,0.9
0.856,0.856,0.856,-4.6545E-07,0.9,0.9
0.857,0.857,0.857,-4.56724E-07,0.9,0.9
0.858,0.858,0.858,-4.47891E-07,0.9,0.9
0.859,0.859,0.859,-4.38951E-07,0.9,0.9
0.86,0.86,0.86,-4.29904E-07,0.9,0.9
0.861,0.861,0.861,-4.20753E-07,0.9,0.9
0.862,0.862,0.862,-4.11498E-07,0.9,0.9
0.863,0.863,0.863,-4.0214E-07,0.9,0.9
0.864,0.864,0.864,-3.9268E-07,0.9,0.9
0.865,0.865,0.865,-3.83121E-07,0.9,0.9
0.866,0.866,0.866,-3.73462E-07,0.9,0.9
0.867,0.867,0.867,-3.63707E-07,0.9,0.9
0.868,0.868,0.868,-3.53856E-07,0.9,0.9
0.869,0.869,0.869,-3.43912E-07,0.9,0.9
0.87,0.87,0.87,-3.33875E-07,0.9,0.9
0.871,0.871,0.871,-3.23749E-07,0.9,0.9
0.872,0.872,0.872,-3.13534E-07,0.9,0.9
0.873,0.873,0.873,-3.03233E-07,0.9,0.9
0.874,0.874,0.874,-2.92848E-07,0.9,0.9
0.875,0.875,0.875,-2.82381E-07,0.9,0.9
0.876,0.876,0.876,-2.71835E-07,0.9,0.9
0.877,0.877,0.877,-2.61211E-07,0.9,0.9
0.878,0.878,0.878,-2.50513E-07,0.9,0.9
0.879,0.879,0.879,-2.39743E-07,0.9,0.9
0.88,0.88,0.88,-2.28903E-07,0.9,0.9
0.881,0.881,0.881,-2.17995E-07,0.9,0.9
0.882,0.882,0.882,-2.07024E-07,0.9,0.9
0.883,0.883,0.883,-1.95991E-07,0.9,0.9
0.884,0.884,0.884,-1.84899E-07,0.9,0.9
0.885,0.885,0.885,-1.73751E-07,0.9,0.9
0.886,0.886,0.886,-1.62551E-07,0.9,0.9
0.887,0.887,0.887,-1.513E-07,0.9,0.9
0.888,0.888,0.888,-1.40003E-07,0.9,0.9
0.889,0.889,0.889,-1.28662E-07,0.9,0.9
0.89,0.89,0.89,-1.17281E-07,0.9,0.9
0.891,0.891,0.891,-1.05862E-07,0.9,0.9
0.892,0.892,0.892,-9.44098E-08,0.9,0.9
0.893,0.893,0.893,-8.29264E-08,0.9,0.9
0.894,0.894,0.894,-7.14156E-08,0.9,0.9
0.895,0.895,0.895,-5.98808E-08,0.9,0.9
0.896,0.896,0.896,-4.83254E-08,0.9,0.9
0.897,0.897,0.897,-3.67529E-08,0.9,0.9
0.898,0.898,0.898,-2.51669E-08,0.9,0.9
0.899,0.899,0.899,-1.35716E-08,0.9,0.9
0.9,0.9,0.9,-2.0067E-09,0.9,0.9
0.901,0.901,0.901,9.07572E-09,0.9,0.9
0.902,0.902,0.902,2.01115E-08,0.9,0.9
0.903,0.903,0.903,3.12944E-08,0.9,0.9
0.904,0.904,0.904,4.25843E-08,0.9,0.9
0.905,0.905,0.905,5.39592E-08,0.9,0.9
0.906,0.906,0.906,6.53801E-08,0.9,0.9
0.907,0.907,0.907,7.68201E-08,0.9,0.9
0.908,0.908,0.908,8.82654E-08,0.9,0.9
0.909,0.909,0.909,9.97059E-08,0.9,0.9
0.91,0.91,0.91,1.11134E-07,0.9,0.9
0.911,0.911,0.911,1.22543E-07,0.9,0.9
0.912,0.912,0.912,1.33927E-07,0.9,0.9
0.913,0.913,0.913,1.45281E-07,0.9,0.9
0.914,0.914,0.914,1.56602E-07,0.9,0.9
0.915,0.915,0.915,1.67885E-07,0.9,0.9
0.916,0.916,0.916,1.79126E-07,0.9,0.9
0.917,0.917,0.917,1.90322E-07,0.9,0.9
0.918,0.918,0.918,2.01469E-07,0.9,0.9
0.919,0.919,0.919,2.12564E-07,0.9,0.9
0.92,0.92,0.92,2.23604E-07,0.9,0.9
0.921,0.921,0.921,2.34585E-07,0.9,0.9
0.922,0.922,0.922,2.45506E-07,0.9,0.9
0.923,0.923,0.923,2.56362E-07,0.9,0.9
0.924,0.924,0.924,2.67151E-07,0.9,0.9
0.925,0.925,0.925,2.77871E-07,0.9,0.9
0.926,0.926,0.926,2.88518E-07,0.9,0.9
0.927,0.927,0.927,2.99091E-07,0.9,0.9
0.928,0.928,0.928,3.09586E-07,0.9,0.9
0.929,0.929,0.929,3.20002E-07,0.9,0.9
0.93,0.93,0.93,3.30336E-07,0.9,0.9
0.931,0.931,0.931,3.40587E-07,0.9,0.9
0.932,0.932,0.932,3.50751E-07,0.9,0.9
0.933,0.933,0.933,3.60827E-07,0.9,0.9
0.934,0.934,0.934,3.70813E-07,0.9,0.9
0.935,0.935,0.935,3.80708E-07,0.9,0.9
0.936,0.936,0.936,3.90509E-07,0.9,0.9
0.937,0.937,0.937,4.00214E-07,0.9,0.9
0.938,0.938,0.938,4.09823E-07,0.9,0.9
0.939,0.939,0.939,4.19334E-07,0.9,0.9
0.94,0.94,0.94,4.28745E-07,0.9,0.9
0.941,0.941,0.941,4.38055E-07,0.9,0.9
0.942,0.942,0.942,4.47263E-07,0.9,0.9
0.943,0.943,0.943,4.56368E-07,0.9,0.9
0.944,0.944,0.944,4.65368E-07,0.9,0.9
0.945,0.945,0.945,4.74263E-07,0.9,0.9
0.946,0.946,0.946,4.83051E-07,0.9,0.9
0.947,0.947,0.947,4.91733E-07,0.9,0.9
0.948,0.948,0.948,5.00307E-07,0.9,0.9
0.949,0.949,0.949,5.08772E-07,0.9,0.9
0.95,0.95,0.95,5.17129E-07,0.9,0.9
0.951,0.951,0.951,5.25376E-07,0.9,0.9
0.952,0.952,0.952,5.33513E-07,0.9,0.9
0.953,0.953,0.953,5.4154E-07,0.9,0.9
0.954,0.954,0.954,5.49457E-07,0.9,0.9
0.955,0.955,0.955,5.57262E-07,0.9,0.9
0.956,0.956,0.956,5.64957E-07,0.9,0.9
0.957,0.957,0.957,5.72542E-07,0.9,0.9
0.958,0.958,0.958,5.80015E-07,0.9,0.9
0.959,0.959,0.959,5.87378E-07,0.9,0.9
0.96,0.96,0.96,5.9463E-07,0.9,0.9
0.961,0.961,0.961,6.01771E-07,0.9,0.9
0.962,0.962,0.962,6.08803E-07,0.9,0.9
0.963,0.963,0.963,6.15725E-07,0.9,0.9
0.964,0.964,0.964,6.22537E-07,0.9,0.9
0.965,0.965,0.965,6.29241E-07,0.9,0.9
0.966,0.966,0.966,6.35835E-07,0.9,0.9
0.967,0.967,0.967,6.42322E-07,0.9,0.9
0.968,0.968,0.968,6.48702E-07,0.9,0.9
0.969,0.969,0.969,6.54975E-07,0.9,0.9
0.97,0.97,0.97,6.61142E-07,0.9,0.9
0.971,0.971,0.971,6.67203E-07,0.9,0.9
0.972,0.972,0.972,6.7316E-07,0.9,0.9
0.973,0.973,0.973,6.79013E-07,0.9,0.9
0.974,0.974,0.974,6.84763E-07,0.9,0.9
0.975,0.975,0.975,6.90411E-07,0.9,0.9
0.976,0.976,0.976,6.95958E-07,0.9,0.9
0.977,0.977,0.977,7.01405E-07,0.9,0.9
0.978,0.978,0.978,7.06752E-07,0.9,0.9
0.979,0.979,0.979,7.12002E-07,0.9,0.9
0.98,0.98,0.98,7.17154E-07,0.9,0.9
0.981,0.981,0.981,7.22209E-07,0.9,0.9
0.982,0.982,0.982,7.2717E-07,0.9,0.9
0.983,0.983,0.983,7.32037E-07,0.9,0.9
0.984,0.984,0.984,7.3681E-07,0.9,0.9
0.985,0.985,0.985,7.41492E-07,0.9,0.9
0.986,0.986,0.986,7.46084E-07,0.9,0.9
0.987,0.987,0.987,7.50585E-07,0.9,0.9
0.988,0.988,0.988,7.54999E-07,0.9,0.9
0.989,0.989,0.989,7.59325E-07,0.9,0.9
0.99,0.99,0.99,7.63565E-07,0.9,0.9
0.991,0.991,0.991,7.67721E-07,0.9,0.9
0.992,0.992,0.992,7.71793E-07,0.9,0.9
0.993,0.993,0.993,7.75782E-07,0.9,0.9
0.994,0.994,0.994,7.79691E-07,0.9,0.9
0.995,0.995,0.995,7.83519E-07,0.9,0.9
0.996,0.996,0.996,7.87269E-07,0.9,0.9
0.997,0.997,0.997,7.90942E-07,0.9,0.9
0.998,0.998,0.998,7.94538E-07,0.9,0.9
0.999,0.999,0.999,7.98059E-07,0.9,0.9
1,1,1,8.01507E-07,0.9,0.9
1.001,1.001,1.001,8.04882E-07,0.9,0.9
1.002,1.002,1.002,8.08185E-07,0.9,0.9
1.003,1.003,1.003,8.11419E-07,0.9,0.9
1.004,1.004,1.004,8.14583E-07,0.9,0.9
1.005,1.005,1.005,8.1768E-07,0.9,0.9
1.006,1.006,1.006,8.20711E-07,0.9,0.9
1.007,1.007,1.007,8.23676E-07,0.9,0.9
1.008,1.008,1.008,8.26577E-07,0.9,0.9
1.009,1.009,1.009,8.29415E-07,0.9,0.9
1.01,1.01,1.01,8.32191E-07,0.9,0.9
1.011,1.011,1.011,8.34907E-07,0.9,0.9
1.012,1.012,1.012,8.37563E-07,0.9,0.9
1.013,1.013,1.013,8.40161E-07,0.9,0.9
1.014,1.014,1.014,8.42702E-07,0.9,0.9
1.015,1.015,1.015,8.45186E-07,0.9,0.9
1.016,1.016,1.016,8.47616E-07,0.9,0.9
1.017,1.017,1.017,8.49992E-07,0.9,0.9
1.018,1.018,1.018,8.52315E-07,0.9,0.9
1.019,1.019,1.019,8.54586E-07,0.9,0.9
1.02,1.02,1.02,8.56806E-07,0.9,0.9
1.021,1.021,1.021,8.58977E-07,0.9,0.9
1.022,1.022,1.022,8.61099E-07,0.9,0.9
1.023,1.023,1.023,8.63174E-07,0.9,0.9
1.024,1.024,1.024,8.65202E-07,0.9,0.9
1.025,1.025,1.025,8.67184E-07,0.9,0.9
1.026,1.026,1.026,8.69122E-07,0.9,0.9
1.027,1.027,1.027,8.71016E-07,0.9,0.9
1.028,1.028,1.028,8.72867E-07,0.9,0.9
1.029,1.029,1.029,8.74676E-07,0.9,0.9
1.03,1.03,1.03,8.76445E-07,0.9,0.9
1.031,1.031,1.031,8.78173E-07,0.9,0.9
1.032,1.032,1.032,8.79862E-07,0.9,0.9
1.033,1.033,1.033,8.81513E-07,0.9,0.9
1.034,1.034,1.034,8.83127E-07,0.9,0.9
1.035,1.035,1.035,8.84704E-07,0.9,0.9
1.036,1.036,1.036,8.86245E-07,0.9,0.9
1.037,1.037,1.037,8.87751E-07,0.9,0.9
1.038,1.038,1.038,8.89223E-07,0.9,0.9
1.039,1.039,1.039,8.90662E-07,0.9,0.9
1.04,1.04,1.04,8.92068E-07,0.9,0.9
1.041,1.041,1.041,8.93442E-07,0.9,0.9
1.042,1.042,1.042,8.94785E-07,0.9,0.9
1.043,1.043,1.043,8.96098E-07,0.9,0.9
1.044,1.044,1.044,8.97381E-07,0.9,0.9
1.045,1.045,1.045,8.98635E-07,0.9,0.9
1.046,1.046,1.046,8.99861E-07,0.9,0.9
1.047,1.047,1.047,9.01059E-07,0.9,0.9
1.048,1.048,1.048,9.0223E-07,0.9,0.9
1.049,1.049,1.049,9.03375E-07,0.9,0.9
1.05,1.05,1.05,9.04494E-07,0.9,0.9
1.051,1.051,1.051,9.05588E-07,0.9,0.9
1.052,1.052,1.052,9.06658E-07,0.9,0.9
1.053,1.053,1.053,9.07703E-07,0.9,0.9
1.054,1.054,1.054,9.08726E-07,0.9,0.9
1.055,1.055,1.055,9.09725E-07,0.9,0.9
1.056,1.056,1.056,9.10702E-07,0.9,0.9
1.057,1.057,1.057,9.11658E-07,0.9,0.9
1.058,1.058,1.058,9.12593E-07,0.9,0.9
1.059,1.059,1.059,9.13506E-07,0.9,0.9
1.06,1.06,1.06,9.144E-07,0.9,0.9
1.061,1.061,1.061,9.15274E-07,0.9,0.9
1.062,1.062,1.062,9.16129E-07,0.9,0.9
1.063,1.063,1.063,9.16966E-07,0.9,0.9
1.064,1.064,1.064,9.17784E-07,0.9,0.9
1.065,1.065,1.065,9.18584E-07,0.9,0.9
1.066,1.066,1.066,9.19368E-07,0.9,0.9
1.067,1.067,1.067,9.20134E-07,0.9,0.9
1.068,1.068,1.068,9.20884E-07,0.9,0.9
1.069,1.069,1.069,9.21618E-07,0.9,0.9
1.07,1.07,1.07,9.22336E-07,0.9,0.9
1.071,1.071,1.071,9.23039E-07,0.9,0.9
1.072,1.072,1.072,9.23727E-07,0.9,0.9
1.073,1.073,1.073,9.244E-07,0.9,0.9
1.074,1.074,1.074,9.25059E-07,0.9,0.9
1.075,1.075,1.075,9.25705E-07,0.9,0.9
1.076,1.076,1.076,9.26337E-07,0.9,0.9
1.077,1.077,1.077,9.26957E-07,0.9,0.9
1.078,1.078,1.078,9.27563E-07,0.9,0.9
1.079,1.079,1.079,9.28157E-07,0.9,0.9
1.08,1.08,1.08,9.28739E-07,0.9,0.9
1.081,1.081,1.081,9.29309E-07,0.9,0.9
1.082,1.082,1.082,9.29867E-07,0.9,0.9
1.083,1.083,1.083,9.30414E-07,0.9,0.9
1.084,1.084,1.084,9.30951E-07,0.9,0.9
1.085,1.085,1.085,9.31476E-07,0.9,0.9
1.086,1.086,1.086,9.31991E-07,0.9,0.9
1.087,1.087,1.087,9.32497E-07,0.9,0.9
1.088,1.088,1.088,9.32992E-07,0.9,0.9
1.089,1.089,1.089,9.33477E-07,0.9,0.9
1.09,1.09,1.09,9.33954E-07,0.9,0.9
1.091,1.091,1.091,9.34421E-07,0.9,0.9
1.092,1.092,1.092,9.34879E-07,0.9,0.9
1.093,1.093,1.093,9.35328E-07,0.9,0.9
1.094,1.094,1.094,9.35769E-07,0.9,0.9
1.095,1.095,1.095,9.36202E-07,0.9,0.9
1.096,1.096,1.096,9.36627E-07,0.9,0.9
1.097,1.097,1.097,9.37043E-07,0.9,0.9
1.098,1.098,1.098,9.37452E-07,0.9,0.9
1.099,1.099,1.099,9.37854E-07,0.9,0.9
1.1,1.1,1.1,9.38248E-07,0.9,0.9
1.101,1.101,1.101,9.38636E-07,0.9,0.9
1.102,1.102,1.102,9.39016E-07,0.9,0.9
1.103,1.103,1.103,9.3939E-07,0.9,0.9
1.104,1.104,1.104,9.39757E-07,0.9,0.9
1.105,1.105,1.105,9.40117E-07,0.9,0.9
1.106,1.106,1.106,9.40472E-07,0.9,0.9
1.107,1.107,1.107,9.4082E-07,0.9,0.9
1.108,1.108,1.108,9.41162E-07,0.9,0.9
1.109,1.109,1.109,9.41498E-07,0.9,0.9
1.11,1.11,1.11,9.41829E-07,0.9,0.9
1.111,1.111,1.111,9.42154E-07,0.9,0.9
1.112,1.112,1.112,9.42474E-07,0.9,0.9
1.113,1.113,1.113,9.42788E-07,0.9,0.9
1.114,1.114,1.114,9.43098E-07,0.9,0.9
1.115,1.115,1.115,9.43402E-07,0.9,0.9
1.116,1.116,1.116,9.43702E-07,0.9,0.9
1.117,1.117,1.117,9.43996E-07,0.9,0.9
1.118,1.118,1.118,9.44286E-07,0.9,0.9
1.119,1.119,1.119,9.44571E-07,0.9,0.9
1.12,1.12,1.12,9.44852E-07,0.9,0.9
1.121,1.121,1.121,9.45129E-07,0.9,0.9
1.122,1.122,1.122,9.45401E-07,0.9,0.9
1.123,1.123,1.123,9.45669E-07,0.9,0.9
1.124,1.124,1.124,9.45933E-07,0.9,0.9
1.125,1.125,1.125,9.46193E-07,0.9,0.9
1.126,1.126,1.126,9.46449E-07,0.9,0.9
1.127,1.127,1.127,9.46701E-07,0.9,0.9
1.128,1.128,1.128,9.4695E-07,0.9,0.9
1.129,1.129,1.129,9.47194E-07,0.9,0.9
1.13,1.13,1.13,9.47436E-07,0.9,0.9
1.131,1.131,1.131,9.47674E-07,0.9,0.9
1.132,1.132,1.132,9.47908E-07,0.9,0.9
1.133,1.133,1.133,9.48139E-07,0.9,0.9
1.134,1.134,1.134,9.48367E-07,0.9,0.9
1.135,1.135,1.135,9.48591E-07,0.9,0.9
1.136,1.136,1.136,9.48812E-07,0.9,0.9
1.137,1.137,1.137,9.49031E-07,0.9,0.9
1.138,1.138,1.138,9.49246E-07,0.9,0.9
1.139,1.139,1.139,9.49458E-07,0.9,0.9
1.14,1.14,1.14,9.49667E-07,0.9,0.9
1.141,1.141,1.141,9.49874E-07,0.9,0.9
1.142,1.142,1.142,9.50077E-07,0.9,0.9
1.143,1.143,1.143,9.50278E-07,0.9,0.9
1.144,1.144,1.144,9.50477E-07,0.9,0.9
1.145,1.145,1.145,9.50672E-07,0.9,0.9
1.146,1.146,1.146,9.50865E-07,0.9,0.9
1.147,1.147,1.147,9.51055E-07,0.9,0.9
1.148,1.148,1.148,9.51243E-07,0.9,0.9
1.149,1.149,1.149,9.51428E-07,0.9,0.9
1.15,1.15,1.15,9.51611E-07,0.9,0.9
1.151,1.151,1.151,9.51791E-07,0.9,0.9
1.152,1.152,1.152,9.51969E-07,0.9,0.9
1.153,1.153,1.153,9.52145E-07,0.9,0.9
1.154,1.154,1.154,9.52318E-07,0.9,0.9
1.155,1.155,1.155,9.52489E-07,0.9,0.9
1.156,1.156,1.156,9.52658E-07,0.9,0.9
1.157,1.157,1.157,9.52825E-07,0.9,0.9
1.158,1.158,1.158,9.52989E-07,0.9,0.9
1.159,1.159,1.159,9.53152E-07,0.9,0.9
1.16,1.16,1.16,9.53312E-07,0.9,0.9
1.161,1.161,1.161,9.5347E-07,0.9,0.9
1.162,1.162,1.162,9.53626E-07,0.9,0.9
1.163,1.163,1.163,9.5378E-07,0.9,0.9
1.164,1.164,1.164,9.53932E-07,0.9,0.9
1.165,1.165,1.165,9.54081E-07,0.9,0.9
1.166,1.166,1.166,9.54229E-07,0.9,0.9
1.167,1.167,1.167,9.54375E-07,0.9,0.9
1.168,1.168,1.168,9.54519E-07,0.9,0.9
1.169,1.169,1.169,9.54661E-07,0.9,0.9
1.17,1.17,1.17,9.54801E-07,0.9,0.9
1.171,1.171,1.171,9.54939E-07,0.9,0.9
1.172,1.172,1.172,9.55076E-07,0.9,0.9
1.173,1.173,1.173,9.5521E-07,0.9,0.9
1.174,1.174,1.174,9.55342E-07,0.9,0.9
1.175,1.175,1.175,9.55473E-07,0.9,0.9
1.176,1.176,1.176,9.55602E-07,0.9,0.9
1.177,1.177,1.177,9.55729E-07,0.9,0.9
1.178,1.178,1.178,9.55854E-07,0.9,0.9
1.179,1.179,1.179,9.55977E-07,0.9,0.9
1.18,1.18,1.18,9.56099E-07,0.9,0.9
1.181,1.181,1.181,9.56219E-07,0.9,0.9
1.182,1.182,1.182,9.56337E-07,0.9,0.9
1.183,1.183,1.183,9.56453E-07,0.9,0.9
1.184,1.184,1.184,9.56567E-07,0.9,0.9
1.185,1.185,1.185,9.5668E-07,0.9,0.9
1.186,1.186,1.186,9.56791E-07,0.9,0.9
1.187,1.187,1.187,9.569E-07,0.9,0.9
1.188,1.188,1.188,9.57008E-07,0.9,0.9
1.189,1.189,1.189,9.57114E-07,0.9,0.9
1.19,1.19,1.19,9.57218E-07,0.9,0.9
1.191,1.191,1.191,9.5732E-07,0.9,0.9
1.192,1.192,1.192,9.57421E-07,0.9,0.9
1.193,1.193,1.193,9.5752E-07,0.9,0.9
1.194,1.194,1.194,9.57617E-07,0.9,0.9
1.195,1.195,1.195,9.57712E-07,0.9,0.9
1.196,1.196,1.196,9.57806E-07,0.9,0.9
1.197,1.197,1.197,9.57899E-07,0.9,0.9
1.198,1.198,1.198,9.57989E-07,0.9,0.9
1.199,1.199,1.199,9.58078E-07,0.9,0.9
1.2,1.2,1.2,9.58165E-07,0.9,0.9
1.201,1.201,1.201,9.58251E-07,0.9,0.9
1.202,1.202,1.202,9.58335E-07,0.9,0.9
1.203,1.203,1.203,9.58417E-07,0.9,0.9
1.204,1.204,1.204,9.58498E-07,0.9,0.9
1.205,1.205,1.205,9.58577E-07,0.9,0.9
1.206,1.206,1.206,9.58655E-07,0.9,0.9
1.207,1.207,1.207,9.58731E-07,0.9,0.9
1.208,1.208,1.208,9.58805E-07,0.9,0.9
1.209,1.209,1.209,9.58878E-07,0.9,0.9
1.21,1.21,1.21,9.58949E-07,0.9,0.9
1.211,1.211,1.211,9.59019E-07,0.9,0.9
1.212,1.212,1.212,9.59087E-07,0.9,0.9
1.213,1.213,1.213,9.59154E-07,0.9,0.9
1.214,1.214,1.214,9.59219E-07,0.9,0.9
1.215,1.215,1.215,9.59283E-07,0.9,0.9
1.216,1.216,1.216,9.59345E-07,0.9,0.9
1.217,1.217,1.217,9.59405E-07,0.9,0.9
1.218,1.218,1.218,9.59465E-07,0.9,0.9
1.219,1.219,1.219,9.59522E-07,0.9,0.9
1.22,1.22,1.22,9.59579E-07,0.9,0.9
1.221,1.221,1.221,9.59634E-07,0.9,0.9
1.222,1.222,1.222,9.59687E-07,0.9,0.9
1.223,1.223,1.223,9.5974E-07,0.9,0.9
1.224,1.224,1.224,9.5979E-07,0.9,0.9
1.225,1.225,1.225,9.5984E-07,0.9,0.9
1.226,1.226,1.226,9.59888E-07,0.9,0.9
1.227,1.227,1.227,9.59935E-07,0.9,0.9
1.228,1.228,1.228,9.5998E-07,0.9,0.9
1.229,1.229,1.229,9.60025E-07,0.9,0.9
1.23,1.23,1.23,9.60067E-07,0.9,0.9
1.231,1.231,1.231,9.60109E-07,0.9,0.9
1.232,1.232,1.232,9.6015E-07,0.9,0.9
1.233,1.233,1.233,9.60189E-07,0.9,0.9
1.234,1.234,1.234,9.60227E-07,0.9,0.9
1.235,1.235,1.235,9.60264E-07,0.9,0.9
1.236,1.236,1.236,9.603E-07,0.9,0.9
1.237,1.237,1.237,9.60335E-07,0.9,0.9
1.238,1.238,1.238,9.60368E-07,0.9,0.9
1.239,1.239,1.239,9.60401E-07,0.9,0.9
1.24,1.24,1.24,9.60433E-07,0.9,0.9
1.241,1.241,1.241,9.60463E-07,0.9,0.9
1.242,1.242,1.242,9.60493E-07,0.9,0.9
1.243,1.243,1.243,9.60521E-07,0.9,0.9
1.244,1.244,1.244,9.60549E-07,0.9,0.9
1.245,1.245,1.245,9.60575E-07,0.9,0.9
1.246,1.246,1.246,9.60601E-07,0.9,0.9
1.247,1.247,1.247,9.60626E-07,0.9,0.9
1.248,1.248,1.248,9.6065E-07,0.9,0.9
1.249,1.249,1.249,9.60673E-07,0.9,0.9
1.25,1.25,1.25,9.60695E-07,0.9,0.9
1.251,1.251,1.251,9.60717E-07,0.9,0.9
1.252,1.252,1.252,9.60737E-07,0.9,0.9
1.253,1.253,1.253,9.60757E-07,0.9,0.9
1.254,1.254,1.254,9.60776E-07,0.9,0.9
1.255,1.255,1.255,9.60795E-07,0.9,0.9
1.256,1.256,1.256,9.60813E-07,0.9,0.9
1.257,1.257,1.257,9.6083E-07,0.9,0.9
1.258,1.258,1.258,9.60846E-07,0.9,0.9
1.259,1.259,1.259,9.60862E-07,0.9,0.9
1.26,1.26,1.26,9.60877E-07,0.9,0.9
1.261,1.261,1.261,9.60892E-07,0.9,0.9
1.262,1.262,1.262,9.60906E-07,0.9,0.9
1.263,1.263,1.263,9.60919E-07,0.9,0.9
1.264,1.264,1.264,9.60932E-07,0.9,0.9
1.265,1.265,1.265,9.60945E-07,0.9,0.9
1.266,1.266,1.266,9.60957E-07,0.9,0.9
1.267,1.267,1.267,9.60968E-07,0.9,0.9
1.268,1.268,1.268,9.60979E-07,0.9,0.9
1.269,1.269,1.269,9.6099E-07,0.9,0.9
1.27,1.27,1.27,9.61E-07,0.9,0.9
1.271,1.271,1.271,9.61009E-07,0.9,0.9
1.272,1.272,1.272,9.61019E-07,0.9,0.9
1.273,1.273,1.273,9.61028E-07,0.9,0.9
1.274,1.274,1.274,9.61036E-07,0.9,0.9
1.275,1.275,1.275,9.61044E-07,0.9,0.9
1.276,1.276,1.276,9.61052E-07,0.9,0.9
1.277,1.277,1.277,9.61059E-07,0.9,0.9
1.278,1.278,1.278,9.61067E-07,0.9,0.9
1.279,1.279,1.279,9.61073E-07,0.9,0.9
1.28,1.28,1.28,9.6108E-07,0.9,0.9
1.281,1.281,1.281,9.61086E-07,0.9,0.9
1.282,1.282,1.282,9.61092E-07,0.9,0.9
1.283,1.283,1.283,9.61098E-07,0.9,0.9
1.284,1.284,1.284,9.61104E-07,0.9,0.9
1.285,1.285,1.285,9.61109E-07,0.9,0.9
1.286,1.286,1.286,9.61114E-07,0.9,0.9
1.287,1.287,1.287,9.61119E-07,0.9,0.9
1.288,1.288,1.288,9.61123E-07,0.9,0.9
1.289,1.289,1.289,9.61128E-07,0.9,0.9
1.29,1.29,1.29,9.61132E-07,0.9,0.9
1.291,1.291,1.291,9.61136E-07,0.9,0.9
1.292,1.292,1.292,9.6114E-07,0.9,0.9
1.293,1.293,1.293,9.61143E-07,0.9,0.9
1.294,1.294,1.294,9.61147E-07,0.9,0.9
1.295,1.295,1.295,9.6115E-07,0.9,0.9
1.296,1.296,1.296,9.61153E-07,0.9,0.9
1.297,1.297,1.297,9.61156E-07,0.9,0.9
1.298,1.298,1.298,9.61159E-07,0.9,0.9
1.299,1.299,1.299,9.61162E-07,0.9,0.9
1.3,1.3,1.3,9.61165E-07,0.9,0.9
1.301,1.301,1.301,9.61167E-07,0.9,0.9
1.302,1.302,1.302,9.6117E-07,0.9,0.9
1.303,1.303,1.303,9.61172E-07,0.9,0.9
1.304,1.304,1.304,9.61174E-07,0.9,0.9
1.305,1.305,1.305,9.61176E-07,0.9,0.9
1.306,1.306,1.306,9.61178E-07,0.9,0.9
1.307,1.307,1.307,9.6118E-07,0.9,0.9
1.308,1.308,1.308,9.61182E-07,0.9,0.9
1.309,1.309,1.309,9.61184E-07,0.9,0.9
1.31,1.31,1.31,9.61185E-07,0.9,0.9
1.311,1.311,1.311,9.61187E-07,0.9,0.9
1.312,1.312,1.312,9.61188E-07,0.9,0.9
1.313,1.313,1.313,9.6119E-07,0.9,0.9
1.314,1.314,1.314,9.61191E-07,0.9,0.9
1.315,1.315,1.315,9.61192E-07,0.9,0.9
1.316,1.316,1.316,9.61194E-07,0.9,0.9
1.317,1.317,1.317,9.61195E-07,0.9,0.9
1.318,1.318,1.318,9.61196E-07,0.9,0.9
1.319,1.319,1.319,9.61197E-07,0.9,0.9
1.32,1.32,1.32,9.61198E-07,0.9,0.9
1.321,1.321,1.321,9.61199E-07,0.9,0.9
1.322,1.322,1.322,9.612E-07,0.9,0.9
1.323,1.323,1.323,9.61201E-07,0.9,0.9
1.324,1.324,1.324,9.61202E-07,0.9,0.9
1.325,1.325,1.325,9.61203E-07,0.9,0.9
1.326,1.326,1.326,9.61204E-07,0.9,0.9
1.327,1.327,1.327,9.61204E-07,0.9,0.9
1.328,1.328,1.328,9.61205E-07,0.9,0.9
1.329,1.329,1.329,9.61206E-07,0.9,0.9
1.33,1.33,1.33,9.61206E-07,0.9,0.9
1.331,1.331,1.331,9.61207E-07,0.9,0.9
1.332,1.332,1.332,9.61208E-07,0.9,0.9
1.333,1.333,1.333,9.61208E-07,0.9,0.9
1.334,1.334,1.334,9.61209E-07,0.9,0.9
1.335,1.335,1.335,9.61209E-07,0.9,0.9
1.336,1.336,1.336,9.6121E-07,0.9,0.9
1.337,1.337,1.337,9.6121E-07,0.9,0.9
1.338,1.338,1.338,9.61211E-07,0.9,0.9
1.339,1.339,1.339,9.61211E-07,0.9,0.9
1.34,1.34,1.34,9.61211E-07,0.9,0.9
1.341,1.341,1.341,9.61212E-07,0.9,0.9
1.342,1.342,1.342,9.61212E-07,0.9,0.9
1.343,1.343,1.343,9.61212E-07,0.9,0.9
1.344,1.344,1.344,9.61213E-07,0.9,0.9
1.345,1.345,1.345,9.61213E-07,0.9,0.9
1.346,1.346,1.346,9.61213E-07,0.9,0.9
1.347,1.347,1.347,9.61214E-07,0.9,0.9
1.348,1.348,1.348,9.61214E-07,0.9,0.9
1.349,1.349,1.349,9.61214E-07,0.9,0.9
1.35,1.35,1.35,9.61215E-07,0.9,0.9
1.351,1.351,1.351,9.61215E-07,0.9,0.9
1.352,1.352,1.352,9.61215E-07,0.9,0.9
1.353,1.353,1.353,9.61215E-07,0.9,0.9
1.354,1.354,1.354,9.61215E-07,0.9,0.9
1.355,1.355,1.355,9.61216E-07,0.9,0.9
1.356,1.356,1.356,9.61216E-07,0.9,0.9
1.357,1.357,1.357,9.61216E-07,0.9,0.9
1.358,1.358,1.358,9.61216E-07,0.9,0.9
1.359,1.359,1.359,9.61216E-07,0.9,0.9
1.36,1.36,1.36,9.61217E-07,0.9,0.9
1.361,1.361,1.361,9.61217E-07,0.9,0.9
1.362,1.362,1.362,9.61217E-07,0.9,0.9
1.363,1.363,1.363,9.61217E-07,0.9,0.9
1.364,1.364,1.364,9.61217E-07,0.9,0.9
1.365,1.365,1.365,9.61217E-07,0.9,0.9
1.366,1.366,1.366,9.61217E-07,0.9,0.9
1.367,1.367,1.367,9.61218E-07,0.9,0.9
1.368,1.368,1.368,9.61218E-07,0.9,0.9
1.369,1.369,1.369,9.61218E-07,0.9,0.9
1.37,1.37,1.37,9.61218E-07,0.9,0.9
1.371,1.371,1.371,9.61218E-07,0.9,0.9
1.372,1.372,1.372,9.61218E-07,0.9,0.9
1.373,1.373,1.373,9.61218E-07,0.9,0.9
1.374,1.374,1.374,9.61218E-07,0.9,0.9
1.375,1.375,1.375,9.61218E-07,0.9,0.9
1.376,1.376,1.376,9.61218E-07,0.9,0.9
1.377,1.377,1.377,9.61218E-07,0.9,0.9
1.378,1.378,1.378,9.61219E-07,0.9,0.9
1.379,1.379,1.379,9.61219E-07,0.9,0.9
1.38,1.38,1.38,9.61219E-07,0.9,0.9
1.381,1.381,1.381,9.61219E-07,0.9,0.9
1.382,1.382,1.382,9.61219E-07,0.9,0.9
1.383,1.383,1.383,9.61219E-07,0.9,0.9
1.384,1.384,1.384,9.61219E-07,0.9,0.9
1.385,1.385,1.385,9.61219E-07,0.9,0.9
1.386,1.386,1.386,9.61219E-07,0.9,0.9
1.387,1.387,1.387,9.61219E-07,0.9,0.9
1.388,1.388,1.388,9.61219E-07,0.9,0.9
1.389,1.389,1.389,9.61219E-07,0.9,0.9
1.39,1.39,1.39,9.61219E-07,0.9,0.9
1.391,1.391,1.391,9.61219E-07,0.9,0.9
1.392,1.392,1.392,9.61219E-07,0.9,0.9
1.393,1.393,1.393,9.61219E-07,0.9,0.9
1.394,1.394,1.394,9.61219E-07,0.9,0.9
1.395,1.395,1.395,9.61219E-07,0.9,0.9
1.396,1.396,1.396,9.61219E-07,0.9,0.9
1.397,1.397,1.397,9.61219E-07,0.9,0.9
1.398,1.398,1.398,9.61219E-07,0.9,0.9
1.399,1.399,1.399,9.6122E-07,0.9,0.9
1.4,1.4,1.4,9.6122E-07,0.9,0.9
1.401,1.401,1.401,9.6122E-07,0.9,0.9
1.402,1.402,1.402,9.6122E-07,0.9,0.9
1.403,1.403,1.403,9.6122E-07,0.9,0.9
1.404,1.404,1.404,9.6122E-07,0.9,0.9
1.405,1.405,1.405,9.6122E-07,0.9,0.9
1.406,1.406,1.406,9.6122E-07,0.9,0.9
1.407,1.407,1.407,9.6122E-07,0.9,0.9
1.408,1.408,1.408,9.6122E-07,0.9,0.9
1.409,1.409,1.409,9.6122E-07,0.9,0.9
1.41,1.41,1.41,9.6122E-07,0.9,0.9
1.411,1.411,1.411,9.6122E-07,0.9,0.9
1.412,1.412,1.412,9.6122E-07,0.9,0.9
1.413,1.413,1.413,9.6122E-07,0.9,0.9
1.414,1.414,1.414,9.6122E-07,0.9,0.9
1.415,1.415,1.415,9.6122E-07,0.9,0.9
1.416,1.416,1.416,9.6122E-07,0.9,0.9
1.417,1.417,1.417,9.6122E-07,0.9,0.9
1.418,1.418,1.418,9.6122E-07,0.9,0.9
1.419,1.419,1.419,9.6122E-07,0.9,0.9
1.42,1.42,1.42,9.6122E-07,0.9,0.9
1.421,1.421,1.421,9.6122E-07,0.9,0.9
1.422,1.422,1.422,9.6122E-07,0.9,0.9
1.423,1.423,1.423,9.6122E-07,0.9,0.9
1.424,1.424,1.424,9.6122E-07,0.9,0.9
1.425,1.425,1.425,9.6122E-07,0.9,0.9
1.426,1.426,1.426,9.6122E-07,0.9,0.9
1.427,1.427,1.427,9.6122E-07,0.9,0.9
1.428,1.428,1.428,9.6122E-07,0.9,0.9
1.429,1.429,1.429,9.6122E-07,0.9,0.9
1.43,1.43,1.43,9.6122E-07,0.9,0.9
1.431,1.431,1.431,9.6122E-07,0.9,0.9
1.432,1.432,1.432,9.6122E-07,0.9,0.9
1.433,1.433,1.433,9.6122E-07,0.9,0.9
1.434,1.434,1.434,9.6122E-07,0.9,0.9
1.435,1.435,1.435,9.6122E-07,0.9,0.9
1.436,1.436,1.436,9.6122E-07,0.9,0.9
1.437,1.437,1.437,9.6122E-07,0.9,0.9
1.438,1.438,1.438,9.6122E-07,0.9,0.9
1.439,1.439,1.439,9.6122E-07,0.9,0.9
1.44,1.44,1.44,9.6122E-07,0.9,0.9
1.441,1.441,1.441,9.6122E-07,0.9,0.9
1.442,1.442,1.442,9.6122E-07,0.9,0.9
1.443,1.443,1.443,9.6122E-07,0.9,0.9
1.444,1.444,1.444,9.6122E-07,0.9,0.9
1.445,1.445,1.445,9.6122E-07,0.9,0.9
1.446,1.446,1.446,9.6122E-07,0.9,0.9
1.447,1.447,1.447,9.6122E-07,0.9,0.9
1.448,1.448,1.448,9.6122E-07,0.9,0.9
1.449,1.449,1.449,9.6122E-07,0.9,0.9
1.45,1.45,1.45,9.6122E-07,0.9,0.9
1.451,1.451,1.451,9.6122E-07,0.9,0.9
1.452,1.452,1.452,9.6122E-07,0.9,0.9
1.453,1.453,1.453,9.6122E-07,0.9,0.9
1.454,1.454,1.454,9.6122E-07,0.9,0.9
1.455,1.455,1.455,9.6122E-07,0.9,0.9
1.456,1.456,1.456,9.6122E-07,0.9,0.9
1.457,1.457,1.457,9.6122E-07,0.9,0.9
1.458,1.458,1.458,9.6122E-07,0.9,0.9
1.459,1.459,1.459,9.6122E-07,0.9,0.9
1.46,1.46,1.46,9.6122E-07,0.9,0.9
1.461,1.461,1.461,9.6122E-07,0.9,0.9
1.462,1.462,1.462,9.6122E-07,0.9,0.9
1.463,1.463,1.463,9.6122E-07,0.9,0.9
1.464,1.464,1.464,9.6122E-07,0.9,0.9
1.465,1.465,1.465,9.6122E-07,0.9,0.9
1.466,1.466,1.466,9.6122E-07,0.9,0.9
1.467,1.467,1.467,9.6122E-07,0.9,0.9
1.468,1.468,1.468,9.6122E-07,0.9,0.9
1.469,1.469,1.469,9.6122E-07,0.9,0.9
1.47,1.47,1.47,9.6122E-07,0.9,0.9
1.471,1.471,1.471,9.6122E-07,0.9,0.9
1.472,1.472,1.472,9.6122E-07,0.9,0.9
1.473,1.473,1.473,9.6122E-07,0.9,0.9
1.474,1.474,1.474,9.6122E-07,0.9,0.9
1.475,1.475,1.475,9.6122E-07,0.9,0.9
1.476,1.476,1.476,9.6122E-07,0.9,0.9
1.477,1.477,1.477,9.6122E-07,0.9,0.9
1.478,1.478,1.478,9.6122E-07,0.9,0.9
1.479,1.479,1.479,9.6122E-07,0.9,0.9
1.48,1.48,1.48,9.6122E-07,0.9,0.9
1.481,1.481,1.481,9.6122E-07,0.9,0.9
1.482,1.482,1.482,9.6122E-07,0.9,0.9
1.483,1.483,1.483,9.6122E-07,0.9,0.9
1.484,1.484,1.484,9.6122E-07,0.9,0.9
1.485,1.485,1.485,9.6122E-07,0.9,0.9
1.486,1.486,1.486,9.6122E-07,0.9,0.9
1.487,1.487,1.487,9.6122E-07,0.9,0.9
1.488,1.488,1.488,9.6122E-07,0.9,0.9
1.489,1.489,1.489,9.6122E-07,0.9,0.9
1.49,1.49,1.49,9.6122E-07,0.9,0.9
1.491,1.491,1.491,9.6122E-07,0.9,0.9
1.492,1.492,1.492,9.6122E-07,0.9,0.9
1.493,1.493,1.493,9.6122E-07,0.9,0.9
1.494,1.494,1.494,9.6122E-07,0.9,0.9
1.495,1.495,1.495,9.6122E-07,0.9,0.9
1.496,1.496,1.496,9.6122E-07,0.9,0.9
1.497,1.497,1.497,9.6122E-07,0.9,0.9
1.498,1.498,1.498,9.6122E-07,0.9,0.9
1.499,1.499,1.499,9.6122E-07,0.9,0.9
1.5,1.5,1.5,9.6122E-07,0.9,0.9
1.501,1.501,1.501,9.6122E-07,0.9,0.9
1.502,1.502,1.502,9.6122E-07,0.9,0.9
1.503,1.503,1.503,9.6122E-07,0.9,0.9
1.504,1.504,1.504,9.6122E-07,0.9,0.9
1.505,1.505,1.505,9.6122E-07,0.9,0.9
1.506,1.506,1.506,9.6122E-07,0.9,0.9
1.507,1.507,1.507,9.6122E-07,0.9,0.9
1.508,1.508,1.508,9.6122E-07,0.9,0.9
1.509,1.509,1.509,9.6122E-07,0.9,0.9
1.51,1.51,1.51,9.6122E-07,0.9,0.9
1.511,1.511,1.511,9.6122E-07,0.9,0.9
1.512,1.512,1.512,9.6122E-07,0.9,0.9
1.513,1.513,1.513,9.6122E-07,0.9,0.9
1.514,1.514,1.514,9.6122E-07,0.9,0.9
1.515,1.515,1.515,9.6122E-07,0.9,0.9
1.516,1.516,1.516,9.6122E-07,0.9,0.9
1.517,1.517,1.517,9.6122E-07,0.9,0.9
1.518,1.518,1.518,9.6122E-07,0.9,0.9
1.519,1.519,1.519,9.6122E-07,0.9,0.9
1.52,1.52,1.52,9.6122E-07,0.9,0.9
1.521,1.521,1.521,9.6122E-07,0.9,0.9
1.522,1.522,1.522,9.6122E-07,0.9,0.9
1.523,1.523,1.523,9.6122E-07,0.9,0.9
1.524,1.524,1.524,9.6122E-07,0.9,0.9
1.525,1.525,1.525,9.6122E-07,0.9,0.9
1.526,1.526,1.526,9.6122E-07,0.9,0.9
1.527,1.527,1.527,9.6122E-07,0.9,0.9
1.528,1.528,1.528,9.6122E-07,0.9,0.9
1.529,1.529,1.529,9.6122E-07,0.9,0.9
1.53,1.53,1.53,9.6122E-07,0.9,0.9
1.531,1.531,1.531,9.6122E-07,0.9,0.9
1.532,1.532,1.532,9.6122E-07,0.9,0.9
1.533,1.533,1.533,9.6122E-07,0.9,0.9
1.534,1.534,1.534,9.6122E-07,0.9,0.9
1.535,1.535,1.535,9.6122E-07,0.9,0.9
1.536,1.536,1.536,9.6122E-07,0.9,0.9
1.537,1.537,1.537,9.6122E-07,0.9,0.9
1.538,1.538,1.538,9.6122E-07,0.9,0.9
1.539,1.539,1.539,9.6122E-07,0.9,0.9
1.54,1.54,1.54,9.6122E-07,0.9,0.9
1.541,1.541,1.541,9.6122E-07,0.9,0.9
1.542,1.542,1.542,9.6122E-07,0.9,0.9
1.543,1.543,1.543,9.6122E-07,0.9,0.9
1.544,1.544,1.544,9.6122E-07,0.9,0.9
1.545,1.545,1.545,9.6122E-07,0.9,0.9
1.546,1.546,1.546,9.6122E-07,0.9,0.9
1.547,1.547,1.547,9.6122E-07,0.9,0.9
1.548,1.548,1.548,9.6122E-07,0.9,0.9
1.549,1.549,1.549,9.6122E-07,0.9,0.9
1.55,1.55,1.55,9.6122E-07,0.9,0.9
1.551,1.551,1.551,9.6122E-07,0.9,0.9
1.552,1.552,1.552,9.6122E-07,0.9,0.9
1.553,1.553,1.553,9.6122E-07,0.9,0.9
1.554,1.554,1.554,9.6122E-07,0.9,0.9
1.555,1.555,1.555,9.6122E-07,0.9,0.9
1.556,1.556,1.556,9.6122E-07,0.9,0.9
1.557,1.557,1.557,9.6122E-07,0.9,0.9
1.558,1.558,1.558,9.6122E-07,0.9,0.9
1.559,1.559,1.559,9.6122E-07,0.9,0.9
1.56,1.56,1.56,9.6122E-07,0.9,0.9
1.561,1.561,1.561,9.6122E-07,0.9,0.9
1.562,1.562,1.562,9.6122E-07,0.9,0.9
1.563,1.563,1.563,9.6122E-07,0.9,0.9
1.564,1.564,1.564,9.6122E-07,0.9,0.9
1.565,1.565,1.565,9.6122E-07,0.9,0.9
1.566,1.566,1.566,9.6122E-07,0.9,0.9
1.567,1.567,1.567,9.6122E-07,0.9,0.9
1.568,1.568,1.568,9.6122E-07,0.9,0.9
1.569,1.569,1.569,9.6122E-07,0.9,0.9
1.57,1.57,1.57,9.6122E-07,0.9,0.9
1.571,1.571,1.571,9.6122E-07,0.9,0.9
1.572,1.572,1.572,9.6122E-07,0.9,0.9
1.573,1.573,1.573,9.6122E-07,0.9,0.9
1.574,1.574,1.574,9.6122E-07,0.9,0.9
1.575,1.575,1.575,9.6122E-07,0.9,0.9
1.576,1.576,1.576,9.6122E-07,0.9,0.9
1.577,1.577,1.577,9.6122E-07,0.9,0.9
1.578,1.578,1.578,9.6122E-07,0.9,0.9
1.579,1.579,1.579,9.6122E-07,0.9,0.9
1.58,1.58,1.58,9.6122E-07,0.9,0.9
1.581,1.581,1.581,9.6122E-07,0.9,0.9
1.582,1.582,1.582,9.6122E-07,0.9,0.9
1.583,1.583,1.583,9.6122E-07,0.9,0.9
1.584,1.584,1.584,9.6122E-07,0.9,0.9
1.585,1.585,1.585,9.6122E-07,0.9,0.9
1.586,1.586,1.586,9.6122E-07,0.9,0.9
1.587,1.587,1.587,9.6122E-07,0.9,0.9
1.588,1.588,1.588,9.6122E-07,0.9,0.9
1.589,1.589,1.589,9.6122E-07,0.9,0.9
1.59,1.59,1.59,9.6122E-07,0.9,0.9
1.591,1.591,1.591,9.6122E-07,0.9,0.9
1.592,1.592,1.592,9.6122E-07,0.9,0.9
1.593,1.593,1.593,9.6122E-07,0.9,0.9
1.594,1.594,1.594,9.6122E-07,0.9,0.9
1.595,1.595,1.595,9.6122E-07,0.9,0.9
1.596,1.596,1.596,9.6122E-07,0.9,0.9
1.597,1.597,1.597,9.6122E-07,0.9,0.9
1.598,1.598,1.598,9.6122E-07,0.9,0.9
1.599,1.599,1.599,9.6122E-07,0.9,0.9
1.6,1.6,1.6,9.6122E-07,0.9,0.9
1.601,1.601,1.601,9.6122E-07,0.9,0.9
1.602,1.602,1.602,9.6122E-07,0.9,0.9
1.603,1.603,1.603,9.6122E-07,0.9,0.9
1.604,1.604,1.604,9.6122E-07,0.9,0.9
1.605,1.605,1.605,9.6122E-07,0.9,0.9
1.606,1.606,1.606,9.6122E-07,0.9,0.9
1.607,1.607,1.607,9.6122E-07,0.9,0.9
1.608,1.608,1.608,9.6122E-07,0.9,0.9
1.609,1.609,1.609,9.6122E-07,0.9,0.9
1.61,1.61,1.61,9.6122E-07,0.9,0.9
1.611,1.611,1.611,9.6122E-07,0.9,0.9
1.612,1.612,1.612,9.6122E-07,0.9,0.9
1.613,1.613,1.613,9.6122E-07,0.9,0.9
1.614,1.614,1.614,9.6122E-07,0.9,0.9
1.615,1.615,1.615,9.6122E-07,0.9,0.9
1.616,1.616,1.616,9.6122E-07,0.9,0.9
1.617,1.617,1.617,9.6122E-07,0.9,0.9
1.618,1.618,1.618,9.6122E-07,0.9,0.9
1.619,1.619,1.619,9.6122E-07,0.9,0.9
1.62,1.62,1.62,9.61221E-07,0.9,0.9
1.621,1.621,1.621,9.6122E-07,0.9,0.9
1.622,1.622,1.622,9.6122E-07,0.9,0.9
1.623,1.623,1.623,9.6122E-07,0.9,0.9
1.624,1.624,1.624,9.6122E-07,0.9,0.9
1.625,1.625,1.625,9.6122E-07,0.9,0.9
1.626,1.626,1.626,9.6122E-07,0.9,0.9
1.627,1.627,1.627,9.6122E-07,0.9,0.9
1.628,1.628,1.628,9.6122E-07,0.9,0.9
1.629,1.629,1.629,9.6122E-07,0.9,0.9
1.63,1.63,1.63,9.6122E-07,0.9,0.9
1.631,1.631,1.631,9.6122E-07,0.9,0.9
1.632,1.632,1.632,9.6122E-07,0.9,0.9
1.633,1.633,1.633,9.6122E-07,0.9,0.9
1.634,1.634,1.634,9.6122E-07,0.9,0.9
1.635,1.635,1.635,9.6122E-07,0.9,0.9
1.636,1.636,1.636,9.6122E-07,0.9,0.9
1.637,1.637,1.637,9.6122E-07,0.9,0.9
1.638,1.638,1.638,9.6122E-07,0.9,0.9
1.639,1.639,1.639,9.6122E-07,0.9,0.9
1.64,1.64,1.64,9.6122E-07,0.9,0.9
1.641,1.641,1.641,9.6122E-07,0.9,0.9
1.642,1.642,1.642,9.6122E-07,0.9,0.9
1.643,1.643,1.643,9.6122E-07,0.9,0.9
1.644,1.644,1.644,9.6122E-07,0.9,0.9
1.645,1.645,1.645,9.6122E-07,0.9,0.9
1.646,1.646,1.646,9.6122E-07,0.9,0.9
1.647,1.647,1.647,9.6122E-07,0.9,0.9
1.648,1.648,1.648,9.6122E-07,0.9,0.9
1.649,1.649,1.649,9.6122E-07,0.9,0.9
1.65,1.65,1.65,9.6122E-07,0.9,0.9
1.651,1.651,1.651,9.6122E-07,0.9,0.9
1.652,1.652,1.652,9.6122E-07,0.9,0.9
1.653,1.653,1.653,9.6122E-07,0.9,0.9
1.654,1.654,1.654,9.61221E-07,0.9,0.9
1.655,1.655,1.655,9.6122E-07,0.9,0.9
1.656,1.656,1.656,9.6122E-07,0.9,0.9
1.657,1.657,1.657,9.6122E-07,0.9,0.9
1.658,1.658,1.658,9.6122E-07,0.9,0.9
1.659,1.659,1.659,9.6122E-07,0.9,0.9
1.66,1.66,1.66,9.6122E-07,0.9,0.9
1.661,1.661,1.661,9.6122E-07,0.9,0.9
1.662,1.662,1.662,9.6122E-07,0.9,0.9
1.663,1.663,1.663,9.6122E-07,0.9,0.9
1.664,1.664,1.664,9.6122E-07,0.9,0.9
1.665,1.665,1.665,9.6122E-07,0.9,0.9
1.666,1.666,1.666,9.6122E-07,0.9,0.9
1.667,1.667,1.667,9.6122E-07,0.9,0.9
1.668,1.668,1.668,9.6122E-07,0.9,0.9
1.669,1.669,1.669,9.6122E-07,0.9,0.9
1.67,1.67,1.67,9.6122E-07,0.9,0.9
1.671,1.671,1.671,9.6122E-07,0.9,0.9
1.672,1.672,1.672,9.6122E-07,0.9,0.9
1.673,1.673,1.673,9.6122E-07,0.9,0.9
1.674,1.674,1.674,9.6122E-07,0.9,0.9
1.675,1.675,1.675,9.6122E-07,0.9,0.9
1.676,1.676,1.676,9.6122E-07,0.9,0.9
1.677,1.677,1.677,9.6122E-07,0.9,0.9
1.678,1.678,1.678,9.6122E-07,0.9,0.9
1.679,1.679,1.679,9.6122E-07,0.9,0.9
1.68,1.68,1.68,9.6122E-07,0.9,0.9
1.681,1.681,1.681,9.6122E-07,0.9,0.9
1.682,1.682,1.682,9.6122E-07,0.9,0.9
1.683,1.683,1.683,9.6122E-07,0.9,0.9
1.684,1.684,1.684,9.6122E-07,0.9,0.9
1.685,1.685,1.685,9.6122E-07,0.9,0.9
1.686,1.686,1.686,9.6122E-07,0.9,0.9
1.687,1.687,1.687,9.6122E-07,0.9,0.9
1.688,1.688,1.688,9.6122E-07,0.9,0.9
1.689,1.689,1.689,9.6122E-07,0.9,0.9
1.69,1.69,1.69,9.6122E-07,0.9,0.9
1.691,1.691,1.691,9.6122E-07,0.9,0.9
1.692,1.692,1.692,9.6122E-07,0.9,0.9
1.693,1.693,1.693,9.6122E-07,0.9,0.9
1.694,1.694,1.694,9.6122E-07,0.9,0.9
1.695,1.695,1.695,9.6122E-07,0.9,0.9
1.696,1.696,1.696,9.6122E-07,0.9,0.9
1.697,1.697,1.697,9.6122E-07,0.9,0.9
1.698,1.698,1.698,9.61221E-07,0.9,0.9
1.699,1.699,1.699,9.6122E-07,0.9,0.9
1.7,1.7,1.7,9.6122E-07,0.9,0.9
1.701,1.701,1.701,9.61221E-07,0.9,0.9
1.702,1.702,1.702,9.6122E-07,0.9,0.9
1.703,1.703,1.703,9.6122E-07,0.9,0.9
1.704,1.704,1.704,9.6122E-07,0.9,0.9
1.705,1.705,1.705,9.6122E-07,0.9,0.9
1.706,1.706,1.706,9.6122E-07,0.9,0.9
1.707,1.707,1.707,9.6122E-07,0.9,0.9
1.708,1.708,1.708,9.61221E-07,0.9,0.9
1.709,1.709,1.709,9.6122E-07,0.9,0.9
1.71,1.71,1.71,9.6122E-07,0.9,0.9
1.711,1.711,1.711,9.6122E-07,0.9,0.9
1.712,1.712,1.712,9.6122E-07,0.9,0.9
1.713,1.713,1.713,9.6122E-07,0.9,0.9
1.714,1.714,1.714,9.6122E-07,0.9,0.9
1.715,1.715,1.715,9.6122E-07,0.9,0.9
1.716,1.716,1.716,9.6122E-07,0.9,0.9
1.717,1.717,1.717,9.6122E-07,0.9,0.9
1.718,1.718,1.718,9.6122E-07,0.9,0.9
1.719,1.719,1.719,9.6122E-07,0.9,0.9
1.72,1.72,1.72,9.6122E-07,0.9,0.9
1.721,1.721,1.721,9.6122E-07,0.9,0.9
1.722,1.722,1.722,9.6122E-07,0.9,0.9
1.723,1.723,1.723,9.6122E-07,0.9,0.9
1.724,1.724,1.724,9.6122E-07,0.9,0.9
1.725,1.725,1.725,9.6122E-07,0.9,0.9
1.726,1.726,1.726,9.6122E-07,0.9,0.9
1.727,1.727,1.727,9.6122E-07,0.9,0.9
1.728,1.728,1.728,9.6122E-07,0.9,0.9
1.729,1.729,1.729,9.6122E-07,0.9,0.9
1.73,1.73,1.73,9.6122E-07,0.9,0.9
1.731,1.731,1.731,9.6122E-07,0.9,0.9
1.732,1.732,1.732,9.6122E-07,0.9,0.9
1.733,1.733,1.733,9.6122E-07,0.9,0.9
1.734,1.734,1.734,9.6122E-07,0.9,0.9
1.735,1.735,1.735,9.6122E-07,0.9,0.9
1.736,1.736,1.736,9.6122E-07,0.9,0.9
1.737,1.737,1.737,9.6122E-07,0.9,0.9
1.738,1.738,1.738,9.6122E-07,0.9,0.9
1.739,1.739,1.739,9.6122E-07,0.9,0.9
1.74,1.74,1.74,9.6122E-07,0.9,0.9
1.741,1.741,1.741,9.6122E-07,0.9,0.9
1.742,1.742,1.742,9.6122E-07,0.9,0.9
1.743,1.743,1.743,9.6122E-07,0.9,0.9
1.744,1.744,1.744,9.6122E-07,0.9,0.9
1.745,1.745,1.745,9.6122E-07,0.9,0.9
1.746,1.746,1.746,9.6122E-07,0.9,0.9
1.747,1.747,1.747,9.6122E-07,0.9,0.9
1.748,1.748,1.748,9.6122E-07,0.9,0.9
1.749,1.749,1.749,9.6122E-07,0.9,0.9
1.75,1.75,1.75,9.6122E-07,0.9,0.9
1.751,1.751,1.751,9.6122E-07,0.9,0.9
1.752,1.752,1.752,9.6122E-07,0.9,0.9
1.753,1.753,1.753,9.6122E-07,0.9,0.9
1.754,1.754,1.754,9.6122E-07,0.9,0.9
1.755,1.755,1.755,9.6122E-07,0.9,0.9
1.756,1.756,1.756,9.6122E-07,0.9,0.9
1.757,1.757,1.757,9.6122E-07,0.9,0.9
1.758,1.758,1.758,9.6122E-07,0.9,0.9
1.759,1.759,1.759,9.6122E-07,0.9,0.9
1.76,1.76,1.76,9.6122E-07,0.9,0.9
1.761,1.761,1.761,9.6122E-07,0.9,0.9
1.762,1.762,1.762,9.6122E-07,0.9,0.9
1.763,1.763,1.763,9.6122E-07,0.9,0.9
1.764,1.764,1.764,9.6122E-07,0.9,0.9
1.765,1.765,1.765,9.6122E-07,0.9,0.9
1.766,1.766,1.766,9.6122E-07,0.9,0.9
1.767,1.767,1.767,9.6122E-07,0.9,0.9
1.768,1.768,1.768,9.6122E-07,0.9,0.9
1.769,1.769,1.769,9.6122E-07,0.9,0.9
1.77,1.77,1.77,9.6122E-07,0.9,0.9
1.771,1.771,1.771,9.6122E-07,0.9,0.9
1.772,1.772,1.772,9.6122E-07,0.9,0.9
1.773,1.773,1.773,9.6122E-07,0.9,0.9
1.774,1.774,1.774,9.6122E-07,0.9,0.9
1.775,1.775,1.775,9.6122E-07,0.9,0.9
1.776,1.776,1.776,9.6122E-07,0.9,0.9
1.777,1.777,1.777,9.6122E-07,0.9,0.9
1.778,1.778,1.778,9.6122E-07,0.9,0.9
1.779,1.779,1.779,9.6122E-07,0.9,0.9
1.78,1.78,1.78,9.6122E-07,0.9,0.9
1.781,1.781,1.781,9.6122E-07,0.9,0.9
1.782,1.782,1.782,9.6122E-07,0.9,0.9
1.783,1.783,1.783,9.6122E-07,0.9,0.9
1.784,1.784,1.784,9.6122E-07,0.9,0.9
1.785,1.785,1.785,9.6122E-07,0.9,0.9
1.786,1.786,1.786,9.6122E-07,0.9,0.9
1.787,1.787,1.787,9.6122E-07,0.9,0.9
1.788,1.788,1.788,9.6122E-07,0.9,0.9
1.789,1.789,1.789,9.6122E-07,0.9,0.9
1.79,1.79,1.79,9.6122E-07,0.9,0.9
1.791,1.791,1.791,9.6122E-07,0.9,0.9
1.792,1.792,1.792,9.6122E-07,0.9,0.9
1.793,1.793,1.793,9.6122E-07,0.9,0.9
1.794,1.794,1.794,9.6122E-07,0.9,0.9
1.795,1.795,1.795,9.6122E-07,0.9,0.9
1.796,1.796,1.796,9.6122E-07,0.9,0.9
1.797,1.797,1.797,9.6122E-07,0.9,0.9
1.798,1.798,1.798,9.6122E-07,0.9,0.9
1.799,1.799,1.799,9.6122E-07,0.9,0.9
1.8,1.8,1.8,9.6122E-07,0.9,0.9
